Ações por Índice;;;
Dados de 5 a 8 de 2026;;;
Empresa;Sigla;Código;
3M;DRN;MMMC34.SA;BDRX
3TENTOS;ON   NM;TTEN3.SA;AGFS,IBRA,ICO2,ICON,IGCT,IGCX,IGNM,ISEE,ITAG,SMLL
ABBVIE;DRN;ABBV34.SA;BDRX
ABC BRASIL;PN   N2;ABCB4.SA;IBRA,ICO2,IDIV,IDVR,IFNC,IGCT,IGCX,ITAG,SMLL
ADOBE INC;DRN;ADBE34.SA;BDRX
ADVANCE AUTO;DRN;A1AP34.SA;BDRX
ADVANCED MIC;DRN;A1MD34.SA;BDRX
AERIS;ON   NM;AERI3.SA;IGCX,IGNM,ITAG
AIRBNB;DRN;AIRB34.SA;BDRX
ALBEMARLE CO;DRN;A1LB34.SA;BDRX
ALIBABAGR;DRN;BABA34.SA;BDRX
ALLIAR;ON   NM;AALR3.SA;ITAG
ALLIED;ON   NM;ALLD3.SA;IGCX,IGNM,ITAG
ALLOS;ON   NM;ALOS3.SA;IBBC,IBBE,IBBR,IBEP,IBEW,IBLV,IBOV,IBRA,IBXL,IBXX,ICO2,IDIV,IDVR,IGCT,IGCX,IGNM,IMOB,ISEE,ITAG,IVBX,SMLL
ALPARGATAS;ON   N1;ALPA3.SA;IGCX
ALPARGATAS;PN   N1;ALPA4.SA;IBRA,ICON,IGCT,IGCX,INDX,SMLL
ALPHABET;DRN;GOGL34.SA;BDRX
ALPHABET;DRN;GOGL35.SA;BDRX
ALUPAR;UNT  N2;ALUP11.SA;IBRA,IEEX,IGCT,IGCX,ITAG,SMLL,UTIL
AMAZON;DRN;AMZO34.SA;BDRX
AMBEV S/A;ON;ABEV3.SA;AGFS,IBBC,IBBE,IBBR,IBEP,IBEW,IBLV,IBOV,IBRA,IBXL,IBXX,ICO2,ICON,IDVR,INDX,MLCX
AMERICAN AIR;DRN;AALL34.SA;BDRX
AMERICAN EXP;DRN;AXPB34.SA;BDRX
AMERICAN TOW;DRN;T1OW34.SA;BDRX
ANIMA;ON   NM;ANIM3.SA;IBRA,IBXX,ICON,IDVR,IGCT,IGCX,IGNM,ITAG,SMLL
APPLE;DRN;AAPL34.SA;BDRX
APPLIED MATE;DRN;A1MT34.SA;BDRX
ARCELOR;DRN;ARMT34.SA;BDRX
ARISTA NETWO;DRN;A1NE34.SA;BDRX
ARMAC;ON   NM;ARML3.SA;AGFS,IBRA,IGCT,IGCX,IGNM,ITAG,SMLL
ASML HOLD;DRN;ASML34.SA;BDRX
ASSAI;ON   NM;ASAI3.SA;AGFS,GPTW,IBBC,IBBE,IBBR,IBEP,IBEW,IBHB,IBOV,IBRA,IBXL,IBXX,ICO2,ICON,IDVR,IGCT,IGCX,IGNM,ISEE,ITAG,IVBX,SMLL
ASTRAZENECA;DRN;A1ZN34.SA;BDRX
ATT INC;DRN;ATTB34.SA;BDRX
AUREN;ON   NM;AURE3.SA;IBBC,IBBE,IBBR,IBEP,IBEW,IBOV,IBRA,IBXX,ICO2,IEEX,IGCT,IGCX,IGNM,ISEE,ITAG,SMLL,UTIL
AUTOMOB;ON   NM;AMOB3.SA;IGCX,IGNM,ITAG
AXIA ENERGIA;ON   N1;AXIA3.SA;IBBC,IBBE,IBBR,IBEP,IBEW,IBOV,IBRA,IBXL,IBXX,IDVR,IEEX,IGCT,IGCX,ISEE,ITAG,MLCX,UTIL
AXIA ENERGIA;PNB  N1;AXIA6.SA;IBBC,IBBE,IBBR,IBEP,IBEW,IBOV,IBRA,IBXX,IDIV,IDVR,IEEX,IGCT,IGCX,ITAG,MLCX,UTIL
AXIA ENERGIA;PNC  N1;AXIA7.SA;ITAG
AZZAS 2154;ON   NM;AZZA3.SA;IBBC,IBBE,IBBR,IBEP,IBEW,IBOV,IBRA,IBXX,ICO2,ICON,IGCT,IGCX,IGNM,ISEE,ITAG,IVBX,SMLL
B3;ON   NM;B3SA3.SA;GPTW,IBBC,IBBE,IBBR,IBEP,IBEW,IBHB,IBOV,IBRA,IBXL,IBXX,ICO2,IDVR,IFNC,IGCT,IGCX,IGNM,ISEE,ITAG,MLCX
BAIDU INC;DRN;BIDU34.SA;BDRX
BANCO BMG;PN   N1;BMGB4.SA;IGCX,ITAG
BANESE;PN;BGIP4.SA;ITAG
BANESTES;ON;BEES3.SA;ITAG
BANESTES;PN;BEES4.SA;ITAG
BANK AMERICA;DRN;BOAC34.SA;BDRX
BANRISUL;ON   N1;BRSR3.SA;IGCX,ITAG
BANRISUL;PNB  N1;BRSR6.SA;IBRA,IDIV,IFNC,IGCT,IGCX,ITAG,SMLL
BBSEGURIDADE;ON   NM;BBSE3.SA;IBBC,IBBE,IBBR,IBEE,IBEW,IBLV,IBOV,IBRA,IBSD,IBXL,IBXX,IDIV,IDVR,IFNC,IGCT,IGCX,IGNM,ITAG,IVBX,MLCX
BEMOBI TECH;ON   NM;BMOB3.SA;GPTW,IBRA,IGCT,IGCX,IGNM,ITAG,SMLL
BERKSHIRE;DRN;BERK34.SA;BDRX
BEYOND MEAT;DRN;B2YN34.SA;BDRX
BILIBILI INC;DRN;B1IL34.SA;BDRX
BILL HOLD;DRN;B2HI34.SA;BDRX
BIOMA EDUC;ON;BIED3.SA;ITAG
BIOMM;ON   N2;BIOM3.SA;ITAG
BIONTECH SE;DRN;B1NT34.SA;BDRX
BLACKROCK;DRN;BLAK34.SA;BDRX
BLAU;ON   NM;BLAU3.SA;IBRA,ICON,IGCT,IGCX,IGNM,ITAG,SMLL
BLOCK INC.;DRN;X1YZ34.SA;BDRX
BOA SAFRA;ON   NM;SOJA3.SA;AGFS,GPTW,IBRA,ICON,IDVR,IGCT,IGCX,IGNM,ITAG,SMLL
BOOKING;DRN;BKNG34.SA;BDRX
BP PLC;DRN;B1PP34.SA;BDRX
BR PARTNERS;UNT  N2;BRBI11.SA;IBRA,IDIV,IFNC,IGCT,IGCX,SMLL
BRADESCO;ON   N1;BBDC3.SA;IBBC,IBBE,IBBR,IBEP,IBEW,IBOV,IBRA,IBXL,IBXX,ICO2,IDIV,IDVR,IFNC,IGCT,IGCX,ITAG,MLCX
BRADESCO;PN   N1;BBDC4.SA;GPTW,IBBC,IBBE,IBBR,IBEP,IBEW,IBLV,IBOV,IBRA,IBSD,IBXL,IBXX,ICO2,IDIV,IDVR,IFNC,IGCT,IGCX,ISEE,ITAG,MLCX
BRADESPAR;ON   N1;BRAP3.SA;IGCX,ITAG
BRADESPAR;PN   N1;BRAP4.SA;IBBC,IBBE,IBBR,IBEP,IBEW,IBLV,IBOV,IBRA,IBSD,IBXX,IDIV,IGCT,IGCX,IMAT,ITAG,SMLL
BRADSAUDE;ON   NM;SAUD3.SA;GPTW,IBRA,IBXX,ICON,IDIV,IDVR,IGCT,IGCX,IGNM,ISEE,ITAG,SMLL
BRASIL;ON   NM;BBAS3.SA;IBBC,IBBE,IBBR,IBEE,IBEW,IBOV,IBRA,IBSD,IBXL,IBXX,ICO2,IDIV,IDVR,IFNC,IGCT,IGCX,IGNM,ISEE,ITAG,MLCX
BRASILAGRO;ON   NM;AGRO3.SA;IGCX,IGNM,ITAG
BRASKEM;ON   N1;BRKM3.SA;IGCX,ITAG
BRASKEM;PNA  N1;BRKM5.SA;IBBC,IBBE,IBBR,IBEP,IBEW,IBHB,IBOV,IBRA,IBXX,ICO2,IGCT,IGCX,IMAT,INDX,ISEE,ITAG,SMLL
BRAVA;ON   NM;BRAV3.SA;IBBC,IBBE,IBBR,IBEP,IBEW,IBOV,IBRA,IBXL,IBXX,IGCT,IGCX,IGNM,ITAG,IVBX,SMLL
BRISANET;ON   NM;BRST3.SA;IGCX,IGNM,ITAG
BRITISH AMER;DRN;B1TI34.SA;BDRX
BROADCOM INC;DRN;AVGO34.SA;BDRX
BTGP BANCO;UNT  N2;BPAC11.SA;IBBC,IBBE,IBBR,IBEP,IBEW,IBHB,IBOV,IBRA,IBXL,IBXX,IDVR,IFNC,IGCT,IGCX,ISEE,ITAG,MLCX
CAIXA SEGURI;ON   NM;CXSE3.SA;IBBC,IBBE,IBBR,IBEE,IBEW,IBLV,IBOV,IBRA,IBXX,ICO2,IDIV,IDVR,IFNC,IGCT,IGCX,IGNM,ITAG,IVBX,MLCX
CAMIL;ON   NM;CAML3.SA;AGFS,IBRA,ICON,IGCT,IGCX,IGNM,INDX,ITAG,SMLL
CARTESIA FII;CI;CACR11.SA;IFIL,IFIX
CASAS BAHIA;ON   NM;BHIA3.SA;GPTW,IBRA,ICO2,ICON,IDVR,IGCT,IGCX,IGNM,ITAG,SMLL
CATERPILLAR;DRN;CATP34.SA;BDRX
CBA;ON   NM;CBAV3.SA;IBRA,IBXX,IDVR,IGCT,IGCX,IGNM,IMAT,ISEE,ITAG,SMLL
CEA MODAS;ON   NM;CEAB3.SA;GPTW,IBBC,IBBE,IBBR,IBEP,IBEW,IBHB,IBOV,IBRA,IBXX,ICON,IDVR,IGCT,IGCX,IGNM,ISEE,ITAG,IVBX,SMLL
CEDRO;PN   N1;CEDO4.SA;IGCX,ITAG
CELESC;PN   N2;CLSC4.SA;IGCX,ITAG
CEMIG;ON   N1;CMIG3.SA;IGCX
CEMIG;PN   N1;CMIG4.SA;IBBC,IBBE,IBBR,IBEE,IBEW,IBLV,IBOV,IBRA,IBSD,IBXL,IBXX,ICO2,IDIV,IEEX,IGCT,IGCX,ISEE,IVBX,MLCX,UTIL
CHEVRON;DRN;CHVX34.SA;BDRX
CISCO;DRN;CSCO34.SA;BDRX
CITIGROUP;DRN;CTGP34.SA;BDRX
COCA COLA;DRN;COCA34.SA;BDRX
COELCE;PNA;COCE5.SA;IEEX
COGNA ON;ON   NM;COGN3.SA;IBBC,IBBE,IBBR,IBEP,IBEW,IBHB,IBOV,IBRA,IBXL,IBXX,ICO2,ICON,IGCT,IGCX,IGNM,ISEE,ITAG,IVBX,SMLL
COINBASEGLOB;DRN;C2OI34.SA;BDRX
COLGATE;DRN;COLG34.SA;BDRX
COPASA;ON   NM;CSMG3.SA;IBBC,IBBE,IBBR,IBEE,IBEW,IBOV,IBRA,IBSD,IBXX,ICO2,IDIV,IDVR,IGCT,IGCX,IGNM,ISEE,ITAG,IVBX,SMLL,UTIL
COPEL;ON   NM;CPLE3.SA;IBBC,IBBE,IBBR,IBEP,IBEW,IBLV,IBOV,IBRA,IBSD,IBXL,IBXX,ICO2,IDVR,IEEX,IGCT,IGCX,IGNM,ISEE,ITAG,IVBX,MLCX,UTIL
COPHILLIPS;DRN;COPH34.SA;BDRX
COSAN;ON   NM;CSAN3.SA;AGFS,IBBC,IBBE,IBBR,IBEP,IBEW,IBHB,IBOV,IBRA,IBXL,IBXX,ICO2,IDVR,IGCT,IGCX,IGNM,ISEE,ITAG,IVBX,SMLL
COSTCO;DRN;COWC34.SA;BDRX
CPFL ENERGIA;ON   NM;CPFE3.SA;IBBC,IBBE,IBBR,IBEP,IBEW,IBLV,IBOV,IBRA,IBSD,IBXX,ICO2,IDIV,IDVR,IEEX,IGCT,IGCX,IGNM,ISEE,ITAG,MLCX,UTIL
CROWDSTRIKE;DRN;C2RW34.SA;BDRX
CRUZEIRO EDU;ON   NM;CSED3.SA;IGCX,IGNM,ITAG
CSNMINERACAO;ON   N2;CMIN3.SA;IBBC,IBBE,IBBR,IBEP,IBEW,IBHB,IBOV,IBRA,IBSD,IBXX,IDIV,IGCT,IGCX,IMAT,ITAG,MLCX
CSU DIGITAL;ON   NM;CSUD3.SA;IGCX,IGNM,ITAG
CURY S/A;ON   NM;CURY3.SA;GPTW,IBBC,IBBE,IBBR,IBEP,IBEW,IBHB,IBOV,IBRA,IBSD,IBXX,ICON,IDIV,IGCT,IGCX,IGNM,IMOB,INDX,ITAG,IVBX,SMLL
CVC BRASIL;ON   NM;CVCB3.SA;GPTW,IBRA,IBXX,ICON,IGCT,IGCX,IGNM,ITAG,SMLL
CYRELA REALT;ON   NM;CYRE3.SA;IBBC,IBBE,IBBR,IBEP,IBEW,IBHB,IBOV,IBRA,IBXL,IBXX,ICO2,ICON,IDVR,IGCT,IGCX,IGNM,IMOB,INDX,ISEE,ITAG,IVBX,SMLL
CYRELA REALT;PN   NM;CYRE4.SA;ITAG
D1000VFARMA;ON   NM;DMVF3.SA;IGCX,IGNM,ITAG
DASA;ON   NM;DASA3.SA;IBRA,ICON,IDVR,IGCT,IGCX,IGNM,ITAG,SMLL
DEERE CO;DRN;DEEC34.SA;BDRX
DELL TECHNOL;DRN;D1EL34.SA;BDRX
DESKTOP;ON   NM;DESK3.SA;GPTW,IBRA,IGCT,IGCX,IGNM,ITAG,SMLL
DEXCO;ON   NM;DXCO3.SA;AGFS,IBRA,ICO2,IDVR,IGCT,IGCX,IGNM,IMAT,INDX,ISEE,ITAG,SMLL
DEXXOS PAR;ON   N1;DEXP3.SA;IGCX
DEXXOS PAR;PN   N1;DEXP4.SA;IGCX
DIAGEO PL;DRN;DEOP34.SA;BDRX
DIMED;ON   NM;PNVL3.SA;IBRA,ICON,IGCT,IGCX,IGNM,ITAG,SMLL
DIRECIONAL;ON   NM;DIRR3.SA;GPTW,IBBC,IBBE,IBBR,IBEP,IBEW,IBHB,IBOV,IBRA,IBSD,IBXX,ICON,IDIV,IDVR,IGCT,IGCX,IGNM,IMOB,INDX,ITAG,IVBX,SMLL
DOTZ SA;ON   NM;DOTZ3.SA;IGCX,IGNM,ITAG
ECOPETROL SA;DRN;E1CO34.SA;BDRX
ECORODOVIAS;ON   NM;ECOR3.SA;IBRA,IBXX,ICO2,IDVR,IGCT,IGCX,IGNM,ISEE,ITAG,SMLL
EMBRAER;ON   NM;EMBJ3.SA;IBBC,IBBE,IBBR,IBEP,IBEW,IBOV,IBRA,IBXL,IBXX,ICO2,IGCT,IGCX,IGNM,INDX,ITAG,MLCX
ENERGISA;UNT  N2;ENGI11.SA;IBBC,IBBE,IBBR,IBEP,IBEW,IBLV,IBOV,IBRA,IBXL,IBXX,ICO2,IDVR,IEEX,IGCT,IGCX,ITAG,IVBX,MLCX,UTIL
ENEVA;ON   NM;ENEV3.SA;IBBC,IBBE,IBBR,IBEP,IBEW,IBOV,IBRA,IBXL,IBXX,IEEX,IGCT,IGCX,IGNM,ISEE,ITAG,IVBX,MLCX,UTIL
ENGIE BRASIL;ON   NM;EGIE3.SA;GPTW,IBBC,IBBE,IBBR,IBEP,IBEW,IBLV,IBOV,IBRA,IBXX,ICO2,IDIV,IDVR,IEEX,IGCT,IGCX,IGNM,ISEE,ITAG,MLCX,UTIL
ENJOEI;ON   NM;ENJU3.SA;IGCX,IGNM,ITAG
EQUATORIAL;ON   NM;EQTL3.SA;GPTW,IBBC,IBBE,IBBR,IBEP,IBEW,IBLV,IBOV,IBRA,IBXL,IBXX,IDVR,IEEX,IGCT,IGCX,IGNM,ISEE,ITAG,IVBX,MLCX,UTIL
EQUINIX INC;DRN;EQIX34.SA;BDRX
EQUINOR ASA;DRN;E1QN34.SA;BDRX
ESPACOLASER;ON   NM;ESPA3.SA;IGCX,IGNM,ITAG
ESTAPAR;ON   NM;ALPK3.SA;IGCX,IGNM,ITAG
ETERNIT;ON   NM;ETER3.SA;IGCX,IGNM,ITAG
EUCATEX;ON   N1;EUCA3.SA;IGCX
EUCATEX;PN   N1;EUCA4.SA;IGCX
EVEN;ON   NM;EVEN3.SA;IBRA,ICON,IDIV,IDVR,IGCT,IGCX,IGNM,IMOB,INDX,ITAG,SMLL
EXXON MOBIL;DRN;EXXO34.SA;BDRX
EZTEC;ON   NM;EZTC3.SA;IBRA,IBXX,ICON,IDIV,IGCT,IGCX,IGNM,IMOB,INDX,ITAG,SMLL
FER HERINGER;ON   NM;FHER3.SA;IGCX,IGNM,ITAG
FERBASA;ON   N1;FESA3.SA;IGCX
FERBASA;PN   N1;FESA4.SA;IBRA,IDIV,IDVR,IGCT,IGCX,IMAT,SMLL
FII AFHI CRI;CI;AFHI11.SA;IFIX
FII ALIANZA;CI;ALZR11.SA;IFIL,IFIX
FII ARCTIUM;CI;RZAT11.SA;IFIX
FII ATHENA I;CI;FATN11.SA;IFIL,IFIX
FII AZPL;CI;AZPL11.SA;IFIX
FII BBIG;CI;BBIG11.SA;IFIL,IFIX
FII BC FUND;CI;BRCR11.SA;IFIL,IFIX
FII BCIA;CI;BCIA11.SA;IFIX
FII BEES CRI;CI;BCRI11.SA;IFIX
FII BRESCO;CI;BRCO11.SA;IFIL,IFIX
FII BROF;CI;BROF11.SA;IFIX
FII BTG AGRO;CI;BTAL11.SA;IFIX
FII BTG CRI;CI;BTCI11.SA;IFIL,IFIX
FII BTG SHOP;CI;BPML11.SA;IFIX
FII BTHF;CI;BTHF11.SA;IFIL,IFIX
FII BTLG;CI;BTLG11.SA;IFIL,IFIX
FII CAPI SEC;CI;CPTS11.SA;IFIL,IFIX
FII CI IPCA;CI;ICRI11.SA;IFIX
FII CLAVE IN;CI;CLIN11.SA;IFIL,IFIX
FII CPSH;CI;CPSH11.SA;IFIL,IFIX
FII CYRELA;CI;CYCR11.SA;IFIX
FII DEVANT;CI;DEVA11.SA;IFIX
FII FATOR VE;CI;VRTA11.SA;IFIL,IFIX
FII G TOWERS;CI;GTWR11.SA;IFIX
FII GAZIT;CI;GZIT11.SA;IFIX
FII GGR ZAG;CI;GGRC11.SA;IFIL,IFIX
FII GUARDIAN;CI;GARE11.SA;IFIL,IFIX
FII HABIT II;CI;HABT11.SA;IFIX
FII HECTARE;CI;HCTR11.SA;IFIX
FII HEDGEBS;CI;HGBS11.SA;IFIL,IFIX
FII HGCR PAX;CI;HGCR11.SA;IFIL,IFIX
FII HGLG PAX;CI;HGLG11.SA;IFIL,IFIX
FII HGRE PAX;CI;HGRE11.SA;IFIL,IFIX
FII HGRU PAX;CI;HGRU11.SA;IFIL,IFIX
FII HOTEL MX;CI;HTMX11.SA;IFIX
FII HSI CRI;CI;HSAF11.SA;IFIX
FII HSI LOG;CI;HSLG11.SA;IFIX
FII HSI MALL;CI;HSML11.SA;IFIL,IFIX
FII HTOPFOF3;CI;HFOF11.SA;IFIL,IFIX
FII IRIM;CI;IRIM11.SA;IFIL,IFIX
FII ITRI;CI;ITRI11.SA;IFIX
FII JS A FIN;CI;JSAF11.SA;IFIL,IFIX
FII JS REAL;CI;JSRE11.SA;IFIL,IFIX
FII KILIMA;CI;KISU11.SA;IFIX
FII KINEA;CI;KNRI11.SA;IFIL,IFIX
FII KINEA CR;CI;KCRE11.SA;IFIX
FII KINEA HF;CI;KNHF11.SA;IFIL,IFIX
FII KINEA HY;CI;KNHY11.SA;IFIL,IFIX
FII KINEA IP;CI;KNIP11.SA;IFIL,IFIX
FII KINEA RI;CI;KNCR11.SA;IFIL,IFIX
FII KINEA SC;CI;KNSC11.SA;IFIL,IFIX
FII KINEA UN;CI;KNUQ11.SA;IFIL,IFIX
FII KINEAFOF;CI;KFOF11.SA;IFIL,IFIX
FII KIVO;CI;KIVO11.SA;IFIX
FII KORE;CI;KORE11.SA;IFIL,IFIX
FII LIFE;CI;LIFE11.SA;IFIL,IFIX
FII LVBI VBI;CI;LVBI11.SA;IFIL,IFIX
FII MANATI;CI;MANA11.SA;IFIL,IFIX
FII MAUA;CI;MCCI11.SA;IFIL,IFIX
FII MAUA RE;CI;MCRE11.SA;IFIL,IFIX
FII MAXI REN;CI;MXRF11.SA;IFIL,IFIX
FII MERITO I;CI;MFII11.SA;IFIL,IFIX
FII OURI JPP;CI;OUJP11.SA;IFIX
FII PCIP PAX;CI;PCIP11.SA;IFIL,IFIX
FII PMLL PAX;CI;PMLL11.SA;IFIL,IFIX
FII POLO CRI;CI;PORD11.SA;IFIX
FII PSEC PAX;CI;PSEC11.SA;IFIL,IFIX
FII PVBI VBI;CI;PVBI11.SA;IFIL,IFIX
FII RBR PR;CI;RPRI11.SA;IFIX
FII RBRL PAX;CI;RBRL11.SA;IFIX
FII RBRP PAX;CI;RBRP11.SA;IFIX
FII RBRR PAX;CI;RBRR11.SA;IFIL,IFIX
FII RBRX PAX;CI;RBRX11.SA;IFIL,IFIX
FII RBRY PAX;CI;RBRY11.SA;IFIL,IFIX
FII REC RECE;CI;RECR11.SA;IFIL,IFIX
FII RIOB MT;CI;RBFM11.SA;IFIX
FII RIOB RC;CI;RCRB11.SA;IFIX
FII RIOB VA;CI;RBVA11.SA;IFIL,IFIX
FII RIZA AKN;CI;RZAK11.SA;IFIL,IFIX
FII RIZA TX;CI;RZTR11.SA;IFIL,IFIX
FII SDI LOG;CI;TRBL11.SA;IFIX
FII SPX SYN;CI;SPXS11.SA;IFIX
FII SUNO CRI;CI;SNCI11.SA;IFIX
FII SUNO EL;CI;SNEL11.SA;IFIL,IFIX
FII SUNOFOFI;CI;SNFF11.SA;IFIX
FII TEL PROP;CI;TEPP11.SA;IFIL,IFIX
FII TG ATIVO;CI;TGAR11.SA;IFIL,IFIX
FII TIVIO RI;CI;TVRI11.SA;IFIX
FII TOPP PAX;CI;TOPP11.SA;IFIX
FII TRX REAL;CI;TRXF11.SA;IFIL,IFIX
FII URCA REN;CI;URPR11.SA;IFIX
FII VALOR HE;CI;VGHF11.SA;IFIL,IFIX
FII VALORAIP;CI;VGIP11.SA;IFIL,IFIX
FII VALREIII;CI;VGIR11.SA;IFIL,IFIX
FII VECTIS;CI;VCJR11.SA;IFIL,IFIX
FII VGRI;CI;VGRI11.SA;IFIX
FII VINCI LG;CI;VILG11.SA;IFIL,IFIX
FII VINCI OF;CI;VINO11.SA;IFIX
FII VINCI SC;CI;VISC11.SA;IFIL,IFIX
FII VRTM;CI;VRTM11.SA;IFIX
FII WHG REAL;CI;WHGR11.SA;IFIX
FII XP CRED;CI;XPCI11.SA;IFIL,IFIX
FII XP INDL;CI;XPIN11.SA;IFIX
FII XP LOG;CI;XPLG11.SA;IFIL,IFIX
FII XP MALLS;CI;XPML11.SA;IFIL,IFIX
FII XP SELEC;CI;XPSF11.SA;IFIX
FLEURY;ON   NM;FLRY3.SA;IBBC,IBBE,IBBR,IBEP,IBEW,IBOV,IBRA,IBXX,ICO2,ICON,IDIV,IDVR,IGCT,IGCX,IGNM,ISEE,ITAG,SMLL
FORD MOTORS;DRN;FDMO34.SA;BDRX
FRANCONEVADA;DRN;F2NV34.SA;BDRX
FRAS-LE;ON   N1;FRAS3.SA;IBRA,IGCT,IGCX,INDX,SMLL
GAFISA;ON   NM;GFSA3.SA;IBRA,ICON,IDVR,IGCT,IGCX,IGNM,IMOB,ITAG,SMLL
GEAEROSPACE;DRN;GEOO34.SA;BDRX
GENERAL MOT;DRN;GMCO34.SA;BDRX
GER PARANAP;PN;GEPA4.SA;ITAG
GERDAU;ON   N1;GGBR3.SA;IGCX,ITAG
GERDAU;PN   N1;GGBR4.SA;IBBC,IBBE,IBBR,IBEP,IBEW,IBLV,IBOV,IBRA,IBXL,IBXX,ICO2,IDVR,IGCT,IGCX,IMAT,INDX,ITAG,IVBX,MLCX
GERDAU MET;ON   N1;GOAU3.SA;IGCX,ITAG
GERDAU MET;PN   N1;GOAU4.SA;IBBC,IBBE,IBBR,IBEP,IBEW,IBOV,IBRA,IBSD,IBXX,IGCT,IGCX,IMAT,INDX,ITAG,IVBX,SMLL
GOLDMANSACHS;DRN;GSGI34.SA;BDRX
GPS;ON   NM;GGPS3.SA;IBRA,IBXX,IDVR,IGCT,IGCX,IGNM,ITAG,SMLL
GRAZZIOTIN;ON;CGRA3.SA;ITAG
GRAZZIOTIN;PN;CGRA4.SA;ITAG
GRENDENE;ON   NM;GRND3.SA;IBRA,ICON,IDIV,IGCT,IGCX,IGNM,INDX,ITAG,SMLL
GRUPO MATEUS;ON   NM;GMAT3.SA;AGFS,IBRA,IBXX,ICON,IDVR,IGCT,IGCX,IGNM,ITAG,SMLL
GRUPO SBF;ON   NM;SBFG3.SA;GPTW,IBRA,ICON,IGCT,IGCX,IGNM,ITAG,SMLL
GRUPOCIBEST;DRN;C2OL34.SA;BDRX
HAPVIDA;ON   NM;HAPV3.SA;IBBC,IBBE,IBBR,IBEP,IBEW,IBHB,IBOV,IBRA,IBXL,IBXX,ICON,IDVR,IGCT,IGCX,IGNM,ITAG,IVBX,SMLL
HBR REALTY;ON   NM;HBRE3.SA;IGCX,IGNM,ITAG
HELBOR;ON   NM;HBOR3.SA;IBRA,ICON,IGCT,IGCX,IGNM,IMOB,INDX,ITAG,SMLL
HIDROVIAS;ON   NM;HBSA3.SA;AGFS,GPTW,IBRA,IGCT,IGCX,IGNM,ISEE,ITAG,SMLL
HOME DEPOT;DRN;HOME34.SA;BDRX
HP COMPANY;DRN;HPQB34.SA;BDRX
HSBC HOLDING;DRN;H1SB34.SA;BDRX
HYPERA;ON   NM;HYPE3.SA;IBBC,IBBE,IBBR,IBEP,IBEW,IBOV,IBRA,IBXX,ICO2,ICON,IDVR,IGCT,IGCX,IGNM,ITAG,IVBX,SMLL
IGUATEMI S.A;UNT  N1;IGTI11.SA;GPTW,IBBC,IBBE,IBBR,IBEP,IBEW,IBHB,IBOV,IBRA,IBXX,ICO2,IDVR,IGCT,IGCX,IMOB,ISEE,ITAG,SMLL
IMC S/A;ON   NM;MEAL3.SA;IGCX,IGNM,ITAG
INEPAR;ON;INEP3.SA;ITAG
INEPAR;PN;INEP4.SA;ITAG
INTEL;DRN;ITLC34.SA;BDRX
INTELBRAS;ON   NM;INTB3.SA;GPTW,IBRA,IBXX,IGCT,IGCX,IGNM,INDX,ITAG,SMLL
INTER CO;DR2;INBR32.SA;IBBC,IBBE,IBBR
IOCHP-MAXION;ON   NM;MYPK3.SA;IBRA,ICO2,ICON,IDVR,IGCT,IGCX,IGNM,INDX,ISEE,ITAG,SMLL
IRANI;ON   NM;RANI3.SA;AGFS,IBRA,ICO2,IDIV,IGCT,IGCX,IGNM,IMAT,INDX,ISEE,ITAG,SMLL
IRBBRASIL RE;ON   NM;IRBR3.SA;GPTW,IBRA,IBXX,IDVR,IFNC,IGCT,IGCX,IGNM,ITAG,SMLL
ISA ENERGIA;ON   N1;ISAE3.SA;IGCX
ISA ENERGIA;PN   N1;ISAE4.SA;IBBC,IBBE,IBBR,IBEP,IBEW,IBLV,IBOV,IBRA,IBSD,IBXX,ICO2,IDIV,IDVR,IEEX,IGCT,IGCX,ISEE,MLCX,UTIL
ITAUSA;ON   N1;ITSA3.SA;IGCX
ITAUSA;PN   N1;ITSA4.SA;GPTW,IBBC,IBBE,IBBR,IBEP,IBEW,IBLV,IBOV,IBRA,IBSD,IBXL,IBXX,IDIV,IDVR,IGCT,IGCX,ISEE,ITAG,MLCX
ITAUUNIBANCO;ON   N1;ITUB3.SA;IBRA,IBXX,ICO2,IDIV,IDVR,IFNC,IGCT,IGCX,MLCX
ITAUUNIBANCO;PN   N1;ITUB4.SA;GPTW,IBBC,IBBE,IBBR,IBEP,IBEW,IBLV,IBOV,IBRA,IBXL,IBXX,ICO2,IDIV,IDVR,IFNC,IGCT,IGCX,ISEE,ITAG,MLCX
JALLESMACHAD;ON   NM;JALL3.SA;IGCX,IGNM,ITAG
JBS N.V.;DR2;JBSS32.SA;IBBC,IBBE,IBBR
JD COM;DRN;JDCO34.SA;BDRX
JHSF PART;ON   NM;JHSF3.SA;GPTW,IBRA,IBXX,ICO2,ICON,IDIV,IGCT,IGCX,IGNM,IMOB,INDX,ITAG,SMLL
JOHNSON;DRN;JNJB34.SA;BDRX
JPMORGAN;DRN;JPMC34.SA;BDRX
JSL;ON   NM;JSLG3.SA;AGFS,IBRA,IDVR,IGCT,IGCX,IGNM,ISEE,ITAG,SMLL
KEPLER WEBER;ON   NM;KEPL3.SA;AGFS,GPTW,IBRA,IDIV,IDVR,IGCT,IGCX,IGNM,INDX,ITAG,SMLL
KINGSOFT CHL;DRN;K2CG34.SA;BDRX
KLABIN S/A;UNT  N2;KLBN11.SA;AGFS,IBBC,IBBE,IBBR,IBEP,IBEW,IBLV,IBOV,IBRA,IBXL,IBXX,IDVR,IGCT,IGCX,IMAT,INDX,ISEE,ITAG,IVBX,MLCX
KRAFT HEINZ;DRN;KHCB34.SA;BDRX
LAVVI;ON   NM;LAVV3.SA;IBRA,ICON,IDIV,IDVR,IGCT,IGCX,IGNM,IMOB,INDX,ITAG,SMLL
LILLY;DRN;LILY34.SA;BDRX
LLOYDS BANKI;DRN;L1YG34.SA;BDRX
LOCALIZA;ON   NM;RENT3.SA;GPTW,IBBC,IBBE,IBBR,IBEP,IBEW,IBHB,IBOV,IBRA,IBXL,IBXX,ICO2,ICON,IDVR,IGCT,IGCX,IGNM,ITAG,IVBX,MLCX
LOCALIZA;PN   NM;RENT4.SA;ITAG
LOG COM PROP;ON   NM;LOGG3.SA;IBRA,IDIV,IGCT,IGCX,IGNM,IMOB,ITAG,SMLL
LOG-IN;ON   NM;LOGN3.SA;IGCX,IGNM,ITAG
LOJAS RENNER;ON   NM;LREN3.SA;IBBC,IBBE,IBBR,IBEP,IBEW,IBHB,IBOV,IBRA,IBXL,IBXX,ICO2,ICON,IDVR,IGCT,IGCX,IGNM,ISEE,ITAG,IVBX,SMLL
LOPES BRASIL;ON   NM;LPSB3.SA;IGCX,IGNM,ITAG
LUMEN TECH;DRN;L1MN34.SA;BDRX
LUPATECH;ON   NM;LUPA3.SA;IGCX,IGNM,ITAG
LWSA;ON   NM;LWSA3.SA;IBRA,ICO2,IGCT,IGCX,IGNM,ITAG,SMLL
M.DIASBRANCO;ON   NM;MDIA3.SA;AGFS,IBRA,ICO2,ICON,IDVR,IGCT,IGCX,IGNM,INDX,ISEE,ITAG,SMLL
MAGAZ LUIZA;ON   NM;MGLU3.SA;GPTW,IBBC,IBBE,IBBR,IBEP,IBEW,IBHB,IBOV,IBRA,IBXL,IBXX,ICO2,ICON,IDVR,IGCT,IGCX,IGNM,ISEE,ITAG,IVBX,SMLL
MARCOPOLO;ON   N2;POMO3.SA;IBRA,IDIV,IGCT,IGCX,ITAG,SMLL
MARCOPOLO;PN   N2;POMO4.SA;GPTW,IBBC,IBBE,IBBR,IBEP,IBEW,IBOV,IBRA,IBSD,IBXL,IBXX,IDIV,IGCT,IGCX,INDX,ITAG,IVBX,SMLL
MARFRIG;ON   NM;MBRF3.SA;AGFS,IBBC,IBBE,IBBR,IBEP,IBEW,IBOV,IBRA,IBSD,IBXL,IBXX,ICO2,ICON,IDIV,IGCT,IGCX,IGNM,INDX,ISEE,ITAG,IVBX,MLCX
MASTERCARD;DRN;MSCD34.SA;BDRX
MATER DEI;ON   NM;MATD3.SA;IGCX,IGNM,ITAG
MCDONALDS;DRN;MCDC34.SA;BDRX
MEDICAL P TR;DRN;M2PT34.SA;BDRX
MELIUZ;ON   NM;CASH3.SA;IBRA,IDVR,IGCT,IGCX,IGNM,ITAG,SMLL
MELNICK;ON   NM;MELK3.SA;IGCX,IGNM,ITAG
MERCADOLIBRE;DRN;MELI34.SA;BDRX,IBBC,IBBE,IBBR
MERCK;DRN;MRCK34.SA;BDRX
META PLAT;DRN;M1TA34.SA;BDRX
METAL LEVE;ON   NM;LEVE3.SA;IBRA,ICON,IDIV,IGCT,IGCX,IGNM,INDX,ITAG,SMLL
MICRON TECHN;DRN;MUTC34.SA;BDRX
MICROSOFT;DRN;MSFT34.SA;BDRX
MILLS;ON   NM;MILS3.SA;AGFS,IBRA,IDVR,IGCT,IGCX,IGNM,ISEE,ITAG,SMLL
MINERVA;ON   NM;BEEF3.SA;AGFS,IBBC,IBBE,IBBR,IBEP,IBEW,IBOV,IBRA,IBXL,IBXX,ICO2,ICON,IGCT,IGCX,IGNM,INDX,ISEE,ITAG,IVBX,SMLL
MITRE REALTY;ON   NM;MTRE3.SA;IGCX,IGNM,ISEE,ITAG
MODERNA INC;DRN;M1RN34.SA;BDRX
MONSTER BEVE;DRN;M1NS34.SA;BDRX
MORGAN STAN;DRN;MSBR34.SA;BDRX
MOTIVA SA;ON   NM;MOTV3.SA;GPTW,IBBC,IBBE,IBBR,IBEP,IBEW,IBOV,IBRA,IBXL,IBXX,ICO2,IDVR,IGCT,IGCX,IGNM,ISEE,ITAG,IVBX,MLCX
MOURA DUBEUX;ON   NM;MDNE3.SA;GPTW,IBRA,IBXX,ICON,IGCT,IGCX,IGNM,IMOB,INDX,ITAG,SMLL
MOVIDA;ON   NM;MOVI3.SA;IBRA,IBXX,ICO2,ICON,IGCT,IGCX,IGNM,ISEE,ITAG,SMLL
MRV;ON   NM;MRVE3.SA;IBBC,IBBE,IBBR,IBEP,IBEW,IBHB,IBOV,IBRA,IBXX,ICON,IDVR,IGCT,IGCX,IGNM,IMOB,INDX,ISEE,ITAG,IVBX,SMLL
MULTILASER;ON   NM;MLAS3.SA;IGCX,IGNM,ITAG
MULTIPLAN;ON   N2;MULT3.SA;IBBC,IBBE,IBBR,IBEP,IBEW,IBLV,IBOV,IBRA,IBXL,IBXX,IGCT,IGCX,IMOB,ITAG,IVBX,SMLL
NASDAQ INC;DRN;N1DA34.SA;BDRX
NATURA;ON   NM;NATU3.SA;IBBC,IBBE,IBBR,IBEP,IBEW,IBOV,IBRA,IBXL,IBXX,ICO2,ICON,IDVR,IGCT,IGCX,IGNM,INDX,ISEE,ITAG,IVBX,SMLL
NEOGRID;ON   NM;NGRD3.SA;IGCX,IGNM,ITAG
NETFLIX;DRN;NFLX34.SA;BDRX
NEWMONT GOLD;DRN;N1EM34.SA;BDRX
NEXTERA ENER;DRN;NEXT34.SA;BDRX
NIKE;DRN;NIKE34.SA;BDRX
NOVO NORDISK;DRN;N1VO34.SA;BDRX
NU HOLDINGS;DRN;ROXO34.SA;BDRX,IBBC,IBBE,IBBR
NUTRIPLANT;ON;NUTR3.SA;ITAG
NVIDIA CORP;DRN;NVDC34.SA;BDRX
OCCIDENT PTR;DRN;OXYP34.SA;BDRX
OCEANPACT;ON   NM;OPCT3.SA;IGCX,IGNM,ISEE,ITAG
ONCOCLINICAS;ON   NM;ONCO3.SA;IBRA,ICON,IDVR,IGCT,IGCX,IGNM,ITAG,SMLL
ORACLE;DRN;ORCL34.SA;BDRX
ORIZON;ON   NM;ORVR3.SA;IBRA,IBXX,IGCT,IGCX,IGNM,ITAG,SMLL,UTIL
OUROFINO S/A;ON   NM;OFSA3.SA;IGCX,IGNM,ITAG
PADTEC;ON   NM;PDTC3.SA;IGCX,IGNM,ITAG
PAGSEGURO;DRN;PAGS34.SA;BDRX,IBBC,IBBE,IBBR
PAGUE MENOS;ON   NM;PGMN3.SA;GPTW,IBRA,ICO2,ICON,IDIV,IDVR,IGCT,IGCX,IGNM,ISEE,ITAG,SMLL
PALANTIRTECH;DRN;P2LT34.SA;BDRX
PALOALTO NET;DRN;P2AN34.SA;BDRX
PAYPAL HOLD;DRN;PYPL34.SA;BDRX
PDD HOLDING;DRN;P1DD34.SA;BDRX
PDG REALT;ON   NM;PDGR3.SA;IGCX,IGNM,ITAG
PEPSICO INC;DRN;PEPB34.SA;BDRX
PETROBRAS;ON   N2;PETR3.SA;IBBC,IBBE,IBBR,IBEE,IBEW,IBOV,IBRA,IBXL,IBXX,IDIV,IDVR,IGCT,IGCX,ITAG,MLCX
PETROBRAS;PN   N2;PETR4.SA;IBBC,IBBE,IBBR,IBEE,IBEW,IBLV,IBOV,IBRA,IBSD,IBXL,IBXX,IDIV,IDVR,IGCT,IGCX,ITAG,MLCX
PETRORECSA;ON   NM;RECV3.SA;GPTW,IBBC,IBBE,IBBR,IBEP,IBEW,IBOV,IBRA,IBXX,IDIV,IDVR,IGCT,IGCX,IGNM,ITAG,SMLL
PETZCOBASI;ON   NM;AUAU3.SA;IBRA,IBXX,ICON,IGCT,IGCX,IGNM,ITAG,SMLL
PFIZER;DRN;PFIZ34.SA;BDRX
PG;DRN;PGCO34.SA;BDRX
PINE;ON   N2;PINE3.SA;IGCX,ITAG
PINE;PN   N2;PINE4.SA;IBRA,IDIV,IFNC,IGCT,IGCX,ITAG
PLANOEPLANO;ON   NM;PLPL3.SA;IBRA,ICO2,ICON,IDVR,IGCT,IGCX,IGNM,IMOB,INDX,ITAG,SMLL
PORTO SEGURO;ON   NM;PSSA3.SA;IBBC,IBBE,IBBR,IBEP,IBEW,IBLV,IBOV,IBRA,IBXX,ICO2,IFNC,IGCT,IGCX,IGNM,ISEE,ITAG,IVBX,MLCX
PORTOBELLO;ON   NM;PTBL3.SA;IGCX,IGNM,ISEE,ITAG
POSITIVO TEC;ON   NM;POSI3.SA;IBRA,IDVR,IGCT,IGCX,IGNM,INDX,ITAG,SMLL
PRINER;ON   NM;PRNR3.SA;IBRA,IGCT,IGCX,IGNM,ITAG,SMLL
PRIO;ON   NM;PRIO3.SA;IBBC,IBBE,IBBR,IBEP,IBEW,IBOV,IBRA,IBXL,IBXX,IDVR,IGCT,IGCX,IGNM,ITAG,MLCX
PROFARMA;ON   NM;PFRM3.SA;IGCX,IGNM,ITAG
PROLOGIS INC;DRN;P1LD34.SA;BDRX
QUALCOMM;DRN;QCOM34.SA;BDRX
QUALICORP;ON   NM;QUAL3.SA;IBRA,ICON,IGCT,IGCX,IGNM,ITAG,SMLL
QUERO-QUERO;ON   NM;LJQQ3.SA;IBRA,ICON,IGCT,IGCX,IGNM,ISEE,ITAG,SMLL
RAIADROGASIL;ON   NM;RADL3.SA;IBBC,IBBE,IBBR,IBEP,IBEW,IBOV,IBRA,IBXL,IBXX,ICO2,ICON,IDVR,IGCT,IGCX,IGNM,ISEE,ITAG,IVBX,MLCX
RANDON PART;ON   N1;RAPT3.SA;IGCX
RANDON PART;PN   N1;RAPT4.SA;AGFS,GPTW,IBRA,IBXX,IGCT,IGCX,INDX,ITAG,SMLL
RDVC CITY;ON   NM;CCTY3.SA;IGCX,IGNM,ITAG
REALTY INCOM;DRN;R1IN34.SA;BDRX
RECRUSUL;PN;RCSL4.SA;AGFS,IBRA,INDX,SMLL
REDE D OR;ON   NM;RDOR3.SA;IBBC,IBBE,IBBR,IBEP,IBEW,IBHB,IBOV,IBRA,IBXL,IBXX,ICO2,ICON,IDVR,IGCT,IGCX,IGNM,ITAG,IVBX,MLCX
RENOVA;ON   N2;RNEW3.SA;IGCX,ITAG
RENOVA;PN   N2;RNEW4.SA;IGCX,ITAG
RIACHUELO;ON   NM;RIAA3.SA;GPTW,IBRA,ICO2,ICON,IGCT,IGCX,IGNM,ISEE,ITAG,SMLL
RIO TINTO;DRN;RIOT34.SA;BDRX
ROBLOX CORP;DRN;R2BL34.SA;BDRX
ROMI;ON   NM;ROMI3.SA;IGCX,IGNM,ITAG
RUMO S.A.;ON   NM;RAIL3.SA;AGFS,IBBC,IBBE,IBBR,IBEP,IBEW,IBOV,IBRA,IBXL,IBXX,IGCT,IGCX,IGNM,ISEE,ITAG,IVBX,MLCX
SABESP;ON   NM;SBSP3.SA;IBBC,IBBE,IBBR,IBEP,IBEW,IBLV,IBOV,IBRA,IBXL,IBXX,IGCT,IGCX,IGNM,ISEE,ITAG,IVBX,MLCX,UTIL
SALESFOR INC;DRN;SSFO34.SA;BDRX
SANEPAR;UNT  N2;SAPR11.SA;IBRA,IBXX,IDVR,IGCT,IGCX,ISEE,ITAG,SMLL,UTIL
SANTANDER;DRN;BCSA34.SA;BDRX
SANTANDER BR;UNT;SANB11.SA;IBBC,IBBE,IBBR,IBEP,IBEW,IBOV,IBRA,IBXX,ICO2,IDVR,IFNC,ISEE,ITAG,IVBX,MLCX
SAO CARLOS;ON   NM;SCAR3.SA;IGCX,IGNM,ITAG
SAO MARTINHO;ON   NM;SMTO3.SA;AGFS,GPTW,IBRA,IBXX,ICON,IDVR,IGCT,IGCX,IGNM,INDX,ITAG,SMLL
SEA LTD;DRN;S2EA34.SA;BDRX
SER EDUCA;ON   NM;SEER3.SA;IBRA,ICON,IDVR,IGCT,IGCX,IGNM,ITAG,SMLL
SERVICENOW;DRN;N1OW34.SA;BDRX
SHOPIFY INC;DRN;S2HO34.SA;BDRX
SIBANYE STIL;DRN;S1BS34.SA;BDRX
SID NACIONAL;ON;CSNA3.SA;IBBC,IBBE,IBBR,IBEP,IBEW,IBHB,IBOV,IBRA,IBXX,IMAT,INDX,IVBX,SMLL
SIGMA LITHM;DRN;S2GM34.SA;BDRX
SIMON PROP;DRN;SIMN34.SA;BDRX
SIMPAR;ON   NM;SIMH3.SA;IBRA,IBXX,ICO2,IGCT,IGCX,IGNM,ISEE,ITAG,SMLL
SLC AGRICOLA;ON   NM;SLCE3.SA;AGFS,GPTW,IBBC,IBBE,IBBR,IBEP,IBEW,IBLV,IBOV,IBRA,IBXX,ICON,IDIV,IGCT,IGCX,IGNM,ISEE,ITAG,SMLL
SMART FIT;ON   NM;SMFT3.SA;IBBC,IBBE,IBBR,IBEP,IBEW,IBHB,IBOV,IBRA,IBXL,IBXX,ICON,IDVR,IGCT,IGCX,IGNM,ITAG,IVBX,SMLL
SNOWFLAKE;DRN;S2NW34.SA;BDRX
SOLAR TECH;DRN;S2ED34.SA;BDRX
SPOTIFY TECH;DRN;S1PO34.SA;BDRX
STAG INDUSTR;DRN;S2TA34.SA;BDRX
STONE CO;DRN;STOC34.SA;BDRX,IBBC,IBBE,IBBR
STRATEGY INC;DRN;M2ST34.SA;BDRX
SUZANO S.A.;ON   NM;SUZB3.SA;AGFS,IBBC,IBBE,IBBR,IBEP,IBEW,IBOV,IBRA,IBXL,IBXX,IDVR,IGCT,IGCX,IGNM,IMAT,INDX,ITAG,IVBX,MLCX
SYN PROP TEC;ON   NM;SYNE3.SA;GPTW,IBRA,IDIV,IGCT,IGCX,IGNM,IMOB,ITAG,SMLL
TAESA;UNT  N2;TAEE11.SA;GPTW,IBBC,IBBE,IBBR,IBEP,IBEW,IBLV,IBOV,IBRA,IBSD,IBXX,IDIV,IDVR,IEEX,IGCT,IGCX,ITAG,SMLL,UTIL
TAIWANSMFAC;DRN;TSMC34.SA;BDRX
TAKE-TWO INT;DRN;T1TW34.SA;BDRX
TAL EDUCATIO;DRN;T1AL34.SA;BDRX
TAURUS ARMAS;ON   N2;TASA3.SA;IGCX,ITAG
TAURUS ARMAS;PN   N2;TASA4.SA;IGCX,ITAG
TC;ON   NM;TRAD3.SA;IGCX,IGNM,ITAG
TECHNOS;ON   NM;TECN3.SA;IGCX,IGNM,ITAG
TECNISA;ON   NM;TCSA3.SA;IGCX,IGNM,ITAG
TEGMA;ON   NM;TGMA3.SA;GPTW,IBRA,IDIV,IGCT,IGCX,IGNM,ISEE,ITAG,SMLL
TELADOCHEALT;DRN;T2DH34.SA;BDRX
TELEF BRASIL;ON;VIVT3.SA;GPTW,IBBC,IBBE,IBBR,IBEP,IBEW,IBLV,IBOV,IBRA,IBXL,IBXX,ICO2,ISEE,IVBX,MLCX
TENDA;ON   NM;TEND3.SA;IBRA,IBXX,ICON,IDVR,IGCT,IGCX,IGNM,IMOB,INDX,ITAG,SMLL
TERRASANTAPA;ON   NM;LAND3.SA;IGCX,IGNM,ITAG
TESLA INC;DRN;TSLA34.SA;BDRX
THERMFISCHER;DRN;TMOS34.SA;BDRX
TIM;ON   NM;TIMS3.SA;GPTW,IBBC,IBBE,IBBR,IBEP,IBEW,IBLV,IBOV,IBRA,IBXL,IBXX,ICO2,IDIV,IDVR,IGCT,IGCX,IGNM,ISEE,ITAG,IVBX,MLCX
TIME FOR FUN;ON   NM;SHOW3.SA;IGCX,IGNM,ITAG
TOTVS;ON   NM;TOTS3.SA;GPTW,IBBC,IBBE,IBBR,IBEP,IBEW,IBOV,IBRA,IBXL,IBXX,ICO2,IDVR,IGCT,IGCX,IGNM,ITAG,IVBX,SMLL
TOYOTAMO;DRN;TMCO34.SA;BDRX
TRACK FIELD;PN   N2;TFCO4.SA;IBRA,ICON,IDVR,IGCT,IGCX,INDX,ITAG,SMLL
TRADE DESK;DRN;T2TD34.SA;BDRX
TRANSOCEAN;DRN;RIGG34.SA;BDRX
TRISUL;ON   NM;TRIS3.SA;IGCX,IGNM,ITAG
TRIUNFO PART;ON   NM;TPIS3.SA;IGCX,IGNM,ITAG
TUPY;ON   NM;TUPY3.SA;AGFS,IBRA,IDVR,IGCT,IGCX,IGNM,INDX,ITAG,SMLL
UBER TECH IN;DRN;U1BE34.SA;BDRX
ULTRAPAR;ON   NM;UGPA3.SA;GPTW,IBBC,IBBE,IBBR,IBEP,IBEW,IBHB,IBOV,IBRA,IBXL,IBXX,ICO2,IDVR,IGCT,IGCX,IGNM,ISEE,ITAG,IVBX,MLCX
UNICASA;ON   NM;UCAS3.SA;IGCX,IGNM,ITAG
UNIFIQUE;ON   NM;FIQE3.SA;IGCX,IGNM,ITAG
UNIPAR;PNB;UNIP6.SA;GPTW,IBRA,IDIV,IMAT,INDX,SMLL
UNITEDHEALTH;DRN;UNHH34.SA;BDRX
UNITY SOFTWR;DRN;U2ST34.SA;BDRX
UPSTART HOLD;DRN;U2PS34.SA;BDRX
USIMINAS;ON   N1;USIM3.SA;IGCX
USIMINAS;PNA  N1;USIM5.SA;IBBC,IBBE,IBBR,IBEP,IBEW,IBHB,IBOV,IBRA,IBXX,IGCT,IGCX,IMAT,INDX,ISEE,IVBX,SMLL
VALE;ON   NM;VALE3.SA;IBBC,IBBE,IBBR,IBEP,IBEW,IBLV,IBOV,IBRA,IBSD,IBXL,IBXX,ICO2,IDIV,IGCT,IGCX,IGNM,IMAT,ITAG,MLCX
VALID;ON   NM;VLID3.SA;IBRA,IDIV,IDVR,IGCT,IGCX,IGNM,ITAG,SMLL
VAMOS;ON   NM;VAMO3.SA;AGFS,IBBC,IBBE,IBBR,IBEP,IBEW,IBHB,IBOV,IBRA,IBXX,ICO2,ICON,IGCT,IGCX,IGNM,ISEE,ITAG,IVBX,SMLL
VERIZON;DRN;VERZ34.SA;BDRX
VESTE;ON   NM;VSTE3.SA;IGCX,IGNM,ITAG
VIBRA;ON   NM;VBBR3.SA;GPTW,IBBC,IBBE,IBBR,IBEP,IBEW,IBHB,IBOV,IBRA,IBXL,IBXX,ICO2,IDIV,IGCT,IGCX,IGNM,ISEE,ITAG,IVBX,MLCX
VISA INC;DRN;VISA34.SA;BDRX
VITRUEDUCA;ON   NM;VTRU3.SA;IBRA,ICON,IDVR,IGCT,IGCX,IGNM,ITAG,SMLL
VITTIA;ON   NM;VITT3.SA;IGCX,IGNM,ITAG
VIVARA S.A.;ON   NM;VIVA3.SA;IBBC,IBBE,IBBR,IBEP,IBEW,IBHB,IBOV,IBRA,IBXX,ICON,IDVR,IGCT,IGCX,IGNM,INDX,ITAG,IVBX,SMLL
VIVEO;ON   NM;VVEO3.SA;IGCX,IGNM,ITAG
VODAFONE GRO;DRN;V1OD34.SA;BDRX
VULCABRAS;ON   NM;VULC3.SA;IBRA,ICON,IDIV,IGCT,IGCX,IGNM,INDX,ITAG,SMLL
WAL MART;DRN;WALM34.SA;BDRX
WALT DISNEY;DRN;DISB34.SA;BDRX
WDC NETWORKS;ON   NM;WDCN3.SA;IGCX,IGNM,ITAG
WEG;ON   NM;WEGE3.SA;IBBC,IBBE,IBBR,IBEP,IBEW,IBOV,IBRA,IBXL,IBXX,ICO2,IGCT,IGCX,IGNM,INDX,ISEE,ITAG,MLCX
WELLS FARGO;DRN;WFCO34.SA;BDRX
WESTWING;ON   NM;WEST3.SA;IGCX,IGNM,ITAG
WIZ CO;ON   NM;WIZC3.SA;IGCX,IGNM,ITAG
XP INC;DR1;XPBR31.SA;IBBC,IBBE,IBBR
YDUQS PART;ON   NM;YDUQ3.SA;IBBC,IBBE,IBBR,IBEP,IBEW,IBHB,IBOV,IBRA,IBXX,ICO2,ICON,IGCT,IGCX,IGNM,ISEE,ITAG,SMLL
