Date,^OEX
2018-01-02,1193.550048828125
2018-01-03,1200.739990234375
2018-01-04,1206.260009765625
2018-01-05,1215.56005859375
2018-01-08,1216.0999755859375
2018-01-09,1218.1199951171875
2018-01-10,1217.949951171875
2018-01-11,1225.8199462890625
2018-01-12,1234.550048828125
2018-01-16,1231.7900390625
2018-01-17,1243.3800048828125
2018-01-18,1241.5899658203125
2018-01-19,1245.699951171875
2018-01-22,1256.7099609375
2018-01-23,1257.47998046875
2018-01-24,1256.5400390625
2018-01-25,1258.0400390625
2018-01-26,1273.989990234375
2018-01-29,1265.56005859375
2018-01-30,1251.9300537109375
2018-01-31,1251.4200439453125
2018-02-01,1252.1500244140625
2018-02-02,1224.68994140625
2018-02-05,1171.8499755859375
2018-02-06,1194.489990234375
2018-02-07,1187.56005859375
2018-02-08,1142.280029296875
2018-02-09,1159.199951171875
2018-02-12,1175.780029296875
2018-02-13,1178.9300537109375
2018-02-14,1193.239990234375
2018-02-15,1208.43994140625
2018-02-16,1208.8800048828125
2018-02-20,1200.7099609375
2018-02-21,1194.3800048828125
2018-02-22,1196.3699951171875
2018-02-23,1215.3499755859375
2018-02-26,1232.489990234375
2018-02-27,1216.31005859375
2018-02-28,1201.8699951171875
2018-03-01,1184.5400390625
2018-03-02,1189.0400390625
2018-03-05,1201.8900146484375
2018-03-06,1202.5400390625
2018-03-07,1201.8599853515625
2018-03-08,1207.8800048828125
2018-03-09,1228.969970703125
2018-03-12,1227.6099853515625
2018-03-13,1218.31005859375
2018-03-14,1211.02001953125
2018-03-15,1210.77001953125
2018-03-16,1211.4000244140625
2018-03-19,1192.1099853515625
2018-03-20,1192.4300537109375
2018-03-21,1189.530029296875
2018-03-22,1157.9100341796875
2018-03-23,1133.010009765625
2018-03-26,1164.969970703125
2018-03-27,1143.739990234375
2018-03-28,1141.5
2018-03-29,1157.3699951171875
2018-04-02,1131.6500244140625
2018-04-03,1146.260009765625
2018-04-04,1159.760009765625
2018-04-05,1169.1700439453125
2018-04-06,1143.780029296875
2018-04-09,1148.030029296875
2018-04-10,1168.1400146484375
2018-04-11,1160.5799560546875
2018-04-12,1170.7900390625
2018-04-13,1167.5
2018-04-16,1175.8299560546875
2018-04-17,1188.3900146484375
2018-04-18,1187.260009765625
2018-04-19,1181.8900146484375
2018-04-20,1170.449951171875
2018-04-23,1170.4300537109375
2018-04-24,1153.8399658203125
2018-04-25,1155.3800048828125
2018-04-26,1169.1700439453125
2018-04-27,1169.9000244140625
2018-04-30,1160.72998046875
2018-05-01,1164.4000244140625
2018-05-02,1156.6400146484375
2018-05-03,1153.9300537109375
2018-05-04,1169.6400146484375
2018-05-07,1174.260009765625
2018-05-08,1173.77001953125
2018-05-09,1185.68994140625
2018-05-10,1197.1600341796875
2018-05-11,1200.1300048828125
2018-05-14,1202.06005859375
2018-05-15,1192.81005859375
2018-05-16,1197.260009765625
2018-05-17,1194.5799560546875
2018-05-18,1190.6500244140625
2018-05-21,1200.530029296875
2018-05-22,1197.1400146484375
2018-05-23,1201.4599609375
2018-05-24,1197.6800537109375
2018-05-25,1194.530029296875
2018-05-29,1180.3399658203125
2018-05-30,1194.9000244140625
2018-05-31,1188.9100341796875
2018-06-01,1202.010009765625
2018-06-04,1207.6500244140625
2018-06-05,1207.9200439453125
2018-06-06,1219.1800537109375
2018-06-07,1218.719970703125
2018-06-08,1221.7900390625
2018-06-11,1222.4300537109375
2018-06-12,1223.6700439453125
2018-06-13,1218.9200439453125
2018-06-14,1221.780029296875
2018-06-15,1220.260009765625
2018-06-18,1217.3399658203125
2018-06-19,1213.239990234375
2018-06-20,1215.2900390625
2018-06-21,1207.0799560546875
2018-06-22,1209.699951171875
2018-06-25,1191.800048828125
2018-06-26,1195.1400146484375
2018-06-27,1185.25
2018-06-28,1194.199951171875
2018-06-29,1194.5
2018-07-02,1199.4599609375
2018-07-03,1191.760009765625
2018-07-05,1202.530029296875
2018-07-06,1213.3399658203125
2018-07-09,1224.8800048828125
2018-07-10,1229.8900146484375
2018-07-11,1221.77001953125
2018-07-12,1234.699951171875
2018-07-13,1235.9100341796875
2018-07-16,1236.6099853515625
2018-07-17,1240.9000244140625
2018-07-18,1242.5999755859375
2018-07-19,1235.97998046875
2018-07-20,1236.3299560546875
2018-07-23,1239.4599609375
2018-07-24,1249.93994140625
2018-07-25,1260.5
2018-07-26,1251.5
2018-07-27,1243.8299560546875
2018-07-30,1237.6300048828125
2018-07-31,1241.760009765625
2018-08-01,1244.0899658203125
2018-08-02,1250.6600341796875
2018-08-03,1257.18994140625
2018-08-06,1262.5699462890625
2018-08-07,1266.4100341796875
2018-08-08,1266.699951171875
2018-08-09,1265.06005859375
2018-08-10,1255.469970703125
2018-08-13,1250.5699462890625
2018-08-14,1257.5999755859375
2018-08-15,1248.2099609375
2018-08-16,1258.75
2018-08-17,1262.3199462890625
2018-08-20,1264.239990234375
2018-08-21,1266.5400390625
2018-08-22,1267.0899658203125
2018-08-23,1265.0799560546875
2018-08-24,1272.4300537109375
2018-08-27,1283.449951171875
2018-08-28,1283.239990234375
2018-08-29,1291.510009765625
2018-08-30,1287.3599853515625
2018-08-31,1286.9000244140625
2018-09-04,1284.030029296875
2018-09-05,1279.4300537109375
2018-09-06,1273.97998046875
2018-09-07,1271.27001953125
2018-09-10,1272.2900390625
2018-09-11,1279.0699462890625
2018-09-12,1279.4300537109375
2018-09-13,1286.56005859375
2018-09-14,1285.5999755859375
2018-09-17,1277.5699462890625
2018-09-18,1284.9100341796875
2018-09-19,1288.1500244140625
2018-09-20,1299.4000244140625
2018-09-21,1298.1400146484375
2018-09-24,1294.7099609375
2018-09-25,1293.9100341796875
2018-09-26,1290.0799560546875
2018-09-27,1295.3199462890625
2018-09-28,1294.27001953125
2018-10-01,1300.8399658203125
2018-10-02,1301.56005859375
2018-10-03,1302.800048828125
2018-10-04,1291.530029296875
2018-10-05,1283.3399658203125
2018-10-08,1283.8699951171875
2018-10-09,1283.5999755859375
2018-10-10,1239.8299560546875
2018-10-11,1214.2900390625
2018-10-12,1233.6600341796875
2018-10-15,1224.489990234375
2018-10-16,1250.4599609375
2018-10-17,1251.6600341796875
2018-10-18,1232.8299560546875
2018-10-19,1236.0899658203125
2018-10-22,1231.02001953125
2018-10-23,1225.8199462890625
2018-10-24,1185.780029296875
2018-10-25,1211.1099853515625
2018-10-26,1189.06005859375
2018-10-29,1177.68994140625
2018-10-30,1193.699951171875
2018-10-31,1208.8399658203125
2018-11-01,1219.800048828125
2018-11-02,1210.739990234375
2018-11-05,1217.5
2018-11-06,1224.6700439453125
2018-11-07,1252.449951171875
2018-11-08,1249.0799560546875
2018-11-09,1237.3499755859375
2018-11-12,1211.5899658203125
2018-11-13,1209.1500244140625
2018-11-14,1199.77001953125
2018-11-15,1212.5899658203125
2018-11-16,1213.72998046875
2018-11-19,1193.489990234375
2018-11-20,1169.93994140625
2018-11-21,1171.2900390625
2018-11-23,1161.4000244140625
2018-11-26,1180.4599609375
2018-11-27,1186.550048828125
2018-11-28,1216.0899658203125
2018-11-29,1213.699951171875
2018-11-30,1225.18994140625
2018-12-03,1238.6300048828125
2018-12-04,1197.47998046875
2018-12-06,1196.199951171875
2018-12-07,1167.5699462890625
2018-12-10,1170.4100341796875
2018-12-11,1170.0799560546875
2018-12-12,1176.02001953125
2018-12-13,1178.25
2018-12-14,1153.5899658203125
2018-12-17,1130.6300048828125
2018-12-18,1132.030029296875
2018-12-19,1113.550048828125
2018-12-20,1096.3599853515625
2018-12-21,1071.3199462890625
2018-12-24,1042.77001953125
2018-12-26,1096.949951171875
2018-12-27,1105.1700439453125
2018-12-28,1104.3399658203125
2018-12-31,1113.8699951171875
2019-01-02,1118.1400146484375
2019-01-03,1088.030029296875
2019-01-04,1126.6400146484375
2019-01-07,1133.219970703125
2019-01-08,1143.8699951171875
2019-01-09,1146.6600341796875
2019-01-10,1149.469970703125
2019-01-11,1149.3499755859375
2019-01-14,1143.949951171875
2019-01-15,1157.449951171875
2019-01-16,1159.93994140625
2019-01-17,1167.8599853515625
2019-01-18,1181.550048828125
2019-01-22,1163.81005859375
2019-01-23,1167.81005859375
2019-01-24,1167.4300537109375
2019-01-25,1176.1099853515625
2019-01-28,1164.43994140625
2019-01-29,1160.6500244140625
2019-01-30,1180.56005859375
2019-01-31,1191.6800537109375
2019-02-01,1191.6700439453125
2019-02-04,1200.75
2019-02-05,1207.6400146484375
2019-02-06,1204.4300537109375
2019-02-07,1190.8299560546875
2019-02-08,1190.1600341796875
2019-02-11,1189.5899658203125
2019-02-12,1205.739990234375
2019-02-13,1208.800048828125
2019-02-14,1204.800048828125
2019-02-15,1217.9599609375
2019-02-19,1219.9200439453125
2019-02-20,1221.739990234375
2019-02-21,1217.43994140625
2019-02-22,1225.06005859375
2019-02-25,1228.3800048828125
2019-02-26,1228.5
2019-02-27,1227.6800537109375
2019-02-28,1223.550048828125
2019-03-01,1232.4300537109375
2019-03-04,1229.4300537109375
2019-03-05,1229.75
2019-03-06,1223.1400146484375
2019-03-07,1212.8800048828125
2019-03-08,1211.0400390625
2019-03-11,1229.5699462890625
2019-03-12,1232.93994140625
2019-03-13,1241.97998046875
2019-03-14,1240.77001953125
2019-03-15,1247.47998046875
2019-03-18,1252.0799560546875
2019-03-19,1252.5699462890625
2019-03-20,1251.260009765625
2019-03-21,1262.9200439453125
2019-03-22,1239.0899658203125
2019-03-25,1237.22998046875
2019-03-26,1246.219970703125
2019-03-27,1240.050048828125
2019-03-28,1243.510009765625
2019-03-29,1251.56005859375
2019-04-01,1265.9200439453125
2019-04-02,1266.0400390625
2019-04-03,1268.050048828125
2019-04-04,1271.4000244140625
2019-04-05,1275.5400390625
2019-04-08,1277.5699462890625
2019-04-09,1270.6700439453125
2019-04-10,1273.7900390625
2019-04-11,1273.1800537109375
2019-04-12,1281.0899658203125
2019-04-15,1281.6199951171875
2019-04-16,1285.0999755859375
2019-04-17,1286.1300048828125
2019-04-18,1287.4000244140625
2019-04-22,1290.68994140625
2019-04-23,1301.56005859375
2019-04-24,1297.02001953125
2019-04-25,1298.5400390625
2019-04-26,1304.1500244140625
2019-04-29,1307.0699462890625
2019-04-30,1305.199951171875
2019-05-01,1297.68994140625
2019-05-02,1292.8800048828125
2019-05-03,1306.719970703125
2019-05-06,1300.43994140625
2019-05-07,1278.760009765625
2019-05-08,1276.4000244140625
2019-05-09,1271.219970703125
2019-05-10,1275.0999755859375
2019-05-13,1243.469970703125
2019-05-14,1252.4100341796875
2019-05-15,1262.300048828125
2019-05-16,1274.3199462890625
2019-05-17,1267.4100341796875
2019-05-20,1258.8499755859375
2019-05-21,1267.75
2019-05-22,1264.1500244140625
2019-05-23,1249.31005859375
2019-05-24,1250.6700439453125
2019-05-28,1240.989990234375
2019-05-29,1231.969970703125
2019-05-30,1233.6700439453125
2019-05-31,1215.02001953125
2019-06-03,1206.8299560546875
2019-06-04,1232.949951171875
2019-06-05,1241.4599609375
2019-06-06,1250.2099609375
2019-06-07,1265.6500244140625
2019-06-10,1272.5799560546875
2019-06-11,1273.5799560546875
2019-06-12,1270.3900146484375
2019-06-13,1275.449951171875
2019-06-14,1274.4000244140625
2019-06-17,1277.3499755859375
2019-06-18,1289.68994140625
2019-06-19,1292.3199462890625
2019-06-20,1305.050048828125
2019-06-21,1304.3599853515625
2019-06-24,1302.8199462890625
2019-06-25,1288.6099853515625
2019-06-26,1288.8299560546875
2019-06-27,1292.25
2019-06-28,1297.4599609375
2019-07-01,1307.949951171875
2019-07-02,1313.6300048828125
2019-07-03,1323.1600341796875
2019-07-05,1320.77001953125
2019-07-08,1314.3599853515625
2019-07-09,1316.7900390625
2019-07-10,1324.5
2019-07-11,1326.7099609375
2019-07-12,1332.3199462890625
2019-07-15,1333.239990234375
2019-07-16,1328.1700439453125
2019-07-17,1319.8499755859375
2019-07-18,1323.719970703125
2019-07-19,1315.4200439453125
2019-07-22,1320.1199951171875
2019-07-23,1328.489990234375
2019-07-24,1334.489990234375
2019-07-25,1328.030029296875
2019-07-26,1339.8699951171875
2019-07-29,1337.77001953125
2019-07-30,1332.6500244140625
2019-07-31,1317.0899658203125
2019-08-01,1305.6600341796875
2019-08-02,1296.6500244140625
2019-08-05,1256.989990234375
2019-08-06,1273.3499755859375
2019-08-07,1273.0
2019-08-08,1296.6800537109375
2019-08-09,1287.6500244140625
2019-08-12,1272.2099609375
2019-08-13,1292.6099853515625
2019-08-14,1255.0999755859375
2019-08-15,1256.8299560546875
2019-08-16,1275.18994140625
2019-08-19,1291.2900390625
2019-08-20,1280.77001953125
2019-08-21,1292.0899658203125
2019-08-22,1291.31005859375
2019-08-23,1256.9100341796875
2019-08-26,1271.7900390625
2019-08-27,1268.06005859375
2019-08-28,1276.239990234375
2019-08-29,1291.77001953125
2019-08-30,1292.3800048828125
2019-09-03,1282.9599609375
2019-09-04,1297.530029296875
2019-09-05,1315.510009765625
2019-09-06,1315.72998046875
2019-09-09,1316.780029296875
2019-09-10,1317.43994140625
2019-09-11,1327.8699951171875
2019-09-12,1331.97998046875
2019-09-13,1330.969970703125
2019-09-16,1324.300048828125
2019-09-17,1327.1199951171875
2019-09-18,1328.1199951171875
2019-09-19,1328.6600341796875
2019-09-20,1321.699951171875
2019-09-23,1321.2099609375
2019-09-24,1308.760009765625
2019-09-25,1318.6199951171875
2019-09-26,1313.9599609375
2019-09-27,1308.6600341796875
2019-09-30,1315.25
2019-10-01,1300.6800537109375
2019-10-02,1276.9100341796875
2019-10-03,1287.739990234375
2019-10-04,1306.989990234375
2019-10-07,1301.9300537109375
2019-10-08,1282.8199462890625
2019-10-09,1294.1199951171875
2019-10-10,1302.4100341796875
2019-10-11,1315.77001953125
2019-10-14,1314.56005859375
2019-10-15,1328.4300537109375
2019-10-16,1326.72998046875
2019-10-17,1329.8199462890625
2019-10-18,1321.6099853515625
2019-10-21,1331.5899658203125
2019-10-22,1327.5899658203125
2019-10-23,1330.969970703125
2019-10-24,1333.219970703125
2019-10-25,1340.719970703125
2019-10-28,1350.5699462890625
2019-10-29,1345.8499755859375
2019-10-30,1351.8299560546875
2019-10-31,1349.760009765625
2019-11-01,1363.030029296875
2019-11-04,1369.3699951171875
2019-11-05,1369.1099853515625
2019-11-06,1369.7900390625
2019-11-07,1374.800048828125
2019-11-08,1379.1099853515625
2019-11-11,1376.6400146484375
2019-11-12,1378.6099853515625
2019-11-13,1378.8399658203125
2019-11-14,1378.3399658203125
2019-11-15,1388.81005859375
2019-11-18,1390.3199462890625
2019-11-19,1387.5899658203125
2019-11-20,1382.010009765625
2019-11-21,1381.2900390625
2019-11-22,1384.81005859375
2019-11-25,1395.0
2019-11-26,1397.760009765625
2019-11-27,1404.1500244140625
2019-11-29,1398.6300048828125
2019-12-02,1387.3800048828125
2019-12-03,1377.760009765625
2019-12-04,1386.449951171875
2019-12-05,1388.5799560546875
2019-12-06,1402.31005859375
2019-12-09,1398.3399658203125
2019-12-10,1396.760009765625
2019-12-11,1400.8299560546875
2019-12-12,1412.56005859375
2019-12-13,1413.6199951171875
2019-12-16,1423.8499755859375
2019-12-17,1425.1400146484375
2019-12-18,1423.0799560546875
2019-12-19,1429.9100341796875
2019-12-20,1435.6500244140625
2019-12-23,1438.0
2019-12-24,1437.0999755859375
2019-12-26,1447.27001953125
2019-12-27,1447.469970703125
2019-12-30,1438.1400146484375
2019-12-31,1442.1700439453125
2020-01-02,1458.1300048828125
2020-01-03,1446.47998046875
2020-01-06,1452.81005859375
2020-01-07,1447.3599853515625
2020-01-08,1455.489990234375
2020-01-09,1466.469970703125
2020-01-10,1462.0699462890625
2020-01-13,1473.1099853515625
2020-01-14,1469.52001953125
2020-01-15,1472.22998046875
2020-01-16,1483.510009765625
2020-01-17,1489.6199951171875
2020-01-21,1485.6800537109375
2020-01-22,1486.699951171875
2020-01-23,1487.219970703125
2020-01-24,1474.43994140625
2020-01-27,1451.199951171875
2020-01-28,1465.56005859375
2020-01-29,1466.699951171875
2020-01-30,1471.239990234375
2020-01-31,1446.7099609375
2020-02-03,1457.5400390625
2020-02-04,1479.7900390625
2020-02-05,1496.1400146484375
2020-02-06,1504.1400146484375
2020-02-07,1498.0699462890625
2020-02-10,1510.3599853515625
2020-02-11,1508.3299560546875
2020-02-12,1517.81005859375
2020-02-13,1513.22998046875
2020-02-14,1515.530029296875
2020-02-18,1511.1199951171875
2020-02-19,1518.93994140625
2020-02-20,1511.27001953125
2020-02-21,1493.8900146484375
2020-02-24,1440.3199462890625
2020-02-25,1398.1199951171875
2020-02-26,1395.449951171875
2020-02-27,1331.5799560546875
2020-02-28,1324.4300537109375
2020-03-02,1388.7099609375
2020-03-03,1346.22998046875
2020-03-04,1402.719970703125
2020-03-05,1356.0999755859375
2020-03-06,1335.4599609375
2020-03-09,1237.510009765625
2020-03-10,1300.489990234375
2020-03-11,1238.8399658203125
2020-03-12,1123.4300537109375
2020-03-13,1237.199951171875
2020-03-16,1094.0699462890625
2020-03-17,1159.1099853515625
2020-03-18,1110.5899658203125
2020-03-19,1114.5999755859375
2020-03-20,1065.6500244140625
2020-03-23,1040.0
2020-03-24,1130.4200439453125
2020-03-25,1135.199951171875
2020-03-26,1204.5
2020-03-27,1162.300048828125
2020-03-30,1204.1400146484375
2020-03-31,1187.47998046875
2020-04-01,1139.31005859375
2020-04-02,1168.510009765625
2020-04-03,1151.5699462890625
2020-04-06,1228.1500244140625
2020-04-07,1222.75
2020-04-08,1258.449951171875
2020-04-09,1271.199951171875
2020-04-13,1266.469970703125
2020-04-14,1307.0899658203125
2020-04-15,1283.6800537109375
2020-04-16,1292.9000244140625
2020-04-17,1320.6800537109375
2020-04-20,1299.3800048828125
2020-04-21,1259.469970703125
2020-04-22,1288.3800048828125
2020-04-23,1288.6400146484375
2020-04-24,1306.3199462890625
2020-04-27,1320.1300048828125
2020-04-28,1307.1700439453125
2020-04-29,1342.6700439453125
2020-04-30,1338.02001953125
2020-05-01,1302.1600341796875
2020-05-04,1307.81005859375
2020-05-05,1318.68994140625
2020-05-06,1313.030029296875
2020-05-07,1325.43994140625
2020-05-08,1345.18994140625
2020-05-11,1348.31005859375
2020-05-12,1322.8699951171875
2020-05-13,1302.8699951171875
2020-05-14,1317.3900146484375
2020-05-15,1323.5400390625
2020-05-18,1357.8800048828125
2020-05-19,1344.0999755859375
2020-05-20,1366.989990234375
2020-05-21,1356.1600341796875
2020-05-22,1358.93994140625
2020-05-26,1369.97998046875
2020-05-27,1386.6099853515625
2020-05-28,1382.800048828125
2020-05-29,1389.6300048828125
2020-06-01,1392.949951171875
2020-06-02,1403.4200439453125
2020-06-03,1418.3299560546875
2020-06-04,1413.0799560546875
2020-06-05,1448.3299560546875
2020-06-08,1464.5799560546875
2020-06-09,1460.800048828125
2020-06-10,1459.780029296875
2020-06-11,1376.7900390625
2020-06-12,1393.260009765625
2020-06-15,1403.0999755859375
2020-06-16,1430.0999755859375
2020-06-17,1426.1400146484375
2020-06-18,1427.780029296875
2020-06-19,1422.0400390625
2020-06-22,1433.739990234375
2020-06-23,1442.8199462890625
2020-06-24,1408.8399658203125
2020-06-25,1424.9599609375
2020-06-26,1386.050048828125
2020-06-29,1405.8499755859375
2020-06-30,1427.22998046875
2020-07-01,1437.219970703125
2020-07-02,1442.949951171875
2020-07-06,1470.6300048828125
2020-07-07,1456.52001953125
2020-07-08,1471.1500244140625
2020-07-09,1466.0400390625
2020-07-10,1481.9599609375
2020-07-13,1466.6400146484375
2020-07-14,1483.800048828125
2020-07-15,1490.3499755859375
2020-07-16,1484.3499755859375
2020-07-17,1484.7099609375
2020-07-20,1504.1099853515625
2020-07-21,1502.9599609375
2020-07-22,1509.4300537109375
2020-07-23,1483.68994140625
2020-07-24,1474.1199951171875
2020-07-27,1486.0999755859375
2020-07-28,1477.0999755859375
2020-07-29,1491.6199951171875
2020-07-30,1487.8699951171875
2020-07-31,1504.9300537109375
2020-08-03,1519.43994140625
2020-08-04,1524.3599853515625
2020-08-05,1535.4200439453125
2020-08-06,1551.2099609375
2020-08-07,1547.9000244140625
2020-08-10,1550.68994140625
2020-08-11,1536.0
2020-08-12,1560.5899658203125
2020-08-13,1557.8299560546875
2020-08-14,1557.2900390625
2020-08-17,1561.280029296875
2020-08-18,1569.449951171875
2020-08-19,1563.030029296875
2020-08-20,1573.72998046875
2020-08-21,1582.1600341796875
2020-08-24,1597.8900146484375
2020-08-25,1604.8800048828125
2020-08-26,1629.280029296875
2020-08-27,1630.4599609375
2020-08-28,1640.780029296875
2020-08-31,1638.93994140625
2020-09-01,1653.6700439453125
2020-09-02,1675.6700439453125
2020-09-03,1611.4100341796875
2020-09-04,1596.0999755859375
2020-09-08,1546.9000244140625
2020-09-09,1580.8699951171875
2020-09-10,1551.030029296875
2020-09-11,1549.9200439453125
2020-09-14,1567.06005859375
2020-09-15,1576.9100341796875
2020-09-16,1563.8800048828125
2020-09-17,1548.530029296875
2020-09-18,1530.5799560546875
2020-09-21,1519.4000244140625
2020-09-22,1538.47998046875
2020-09-23,1499.68994140625
2020-09-24,1504.5
2020-09-25,1529.0
2020-09-28,1553.010009765625
2020-09-29,1545.719970703125
2020-09-30,1560.5799560546875
2020-10-01,1569.8800048828125
2020-10-02,1547.0799560546875
2020-10-05,1575.550048828125
2020-10-06,1550.1500244140625
2020-10-07,1577.800048828125
2020-10-08,1587.72998046875
2020-10-09,1604.760009765625
2020-10-12,1637.550048828125
2020-10-13,1628.5
2020-10-14,1615.3199462890625
2020-10-15,1610.760009765625
2020-10-16,1610.760009765625
2020-10-19,1582.3199462890625
2020-10-20,1590.18994140625
2020-10-21,1587.18994140625
2020-10-22,1593.5
2020-10-23,1596.739990234375
2020-10-26,1568.6500244140625
2020-10-27,1569.1400146484375
2020-10-28,1509.6400146484375
2020-10-29,1530.280029296875
2020-10-30,1507.6500244140625
2020-11-02,1520.31005859375
2020-11-03,1544.719970703125
2020-11-04,1590.1199951171875
2020-11-05,1621.22998046875
2020-11-06,1620.8900146484375
2020-11-09,1628.510009765625
2020-11-10,1623.0
2020-11-11,1640.6300048828125
2020-11-12,1626.6099853515625
2020-11-13,1644.8900146484375
2020-11-16,1661.52001953125
2020-11-17,1653.449951171875
2020-11-18,1634.1600341796875
2020-11-19,1640.510009765625
2020-11-20,1628.3499755859375
2020-11-23,1634.280029296875
2020-11-24,1662.489990234375
2020-11-25,1662.280029296875
2020-11-27,1665.8699951171875
2020-11-30,1658.77001953125
2020-12-01,1679.489990234375
2020-12-02,1685.02001953125
2020-12-03,1682.239990234375
2020-12-04,1692.6199951171875
2020-12-07,1691.0799560546875
2020-12-08,1696.0400390625
2020-12-09,1681.0799560546875
2020-12-10,1679.25
2020-12-11,1679.1700439453125
2020-12-14,1671.719970703125
2020-12-15,1691.5799560546875
2020-12-16,1696.260009765625
2020-12-17,1703.800048828125
2020-12-18,1695.719970703125
2020-12-21,1693.02001953125
2020-12-22,1689.0999755859375
2020-12-23,1689.300048828125
2020-12-24,1694.81005859375
2020-12-28,1715.2099609375
2020-12-29,1713.219970703125
2020-12-30,1711.3499755859375
2020-12-31,1720.5
2021-01-04,1696.8599853515625
2021-01-05,1708.219970703125
2021-01-06,1706.75
2021-01-07,1734.7900390625
2021-01-08,1747.3299560546875
2021-01-11,1732.239990234375
2021-01-12,1730.199951171875
2021-01-13,1739.6700439453125
2021-01-14,1729.739990234375
2021-01-15,1716.1099853515625
2021-01-19,1731.4200439453125
2021-01-20,1761.97998046875
2021-01-21,1766.8599853515625
2021-01-22,1764.2099609375
2021-01-25,1774.6400146484375
2021-01-26,1775.81005859375
2021-01-27,1731.8900146484375
2021-01-28,1745.550048828125
2021-01-29,1709.75
2021-02-01,1737.0999755859375
2021-02-02,1760.9599609375
2021-02-03,1765.0400390625
2021-02-04,1783.93994140625
2021-02-05,1790.1099853515625
2021-02-08,1800.77001953125
2021-02-09,1797.6800537109375
2021-02-10,1794.739990234375
2021-02-11,1796.4599609375
2021-02-12,1803.1199951171875
2021-02-16,1802.1600341796875
2021-02-17,1803.1400146484375
2021-02-18,1793.97998046875
2021-02-19,1782.6800537109375
2021-02-22,1764.9200439453125
2021-02-23,1765.9100341796875
2021-02-24,1784.239990234375
2021-02-25,1739.699951171875
2021-02-26,1731.4200439453125
2021-03-01,1773.4000244140625
2021-03-02,1757.739990234375
2021-03-03,1733.5899658203125
2021-03-04,1713.77001953125
2021-03-05,1743.7099609375
2021-03-08,1728.989990234375
2021-03-09,1760.1300048828125
2021-03-10,1769.800048828125
2021-03-11,1789.050048828125
2021-03-12,1786.8299560546875
2021-03-15,1795.06005859375
2021-03-16,1797.3900146484375
2021-03-17,1802.1800537109375
2021-03-18,1772.75
2021-03-19,1771.8699951171875
2021-03-22,1788.06005859375
2021-03-23,1779.8299560546875
2021-03-24,1765.969970703125
2021-03-25,1771.449951171875
2021-03-26,1798.0999755859375
2021-03-29,1801.010009765625
2021-03-30,1792.6300048828125
2021-03-31,1801.8800048828125
2021-04-01,1822.5400390625
2021-04-05,1852.56005859375
2021-04-06,1850.0999755859375
2021-04-07,1857.719970703125
2021-04-08,1867.0699462890625
2021-04-09,1882.8900146484375
2021-04-12,1881.8199462890625
2021-04-13,1891.5999755859375
2021-04-14,1879.4200439453125
2021-04-15,1902.1199951171875
2021-04-16,1908.8599853515625
2021-04-19,1899.050048828125
2021-04-20,1885.6800537109375
2021-04-21,1898.75
2021-04-22,1878.699951171875
2021-04-23,1898.22998046875
2021-04-26,1901.5899658203125
2021-04-27,1900.300048828125
2021-04-28,1899.219970703125
2021-04-29,1912.8499755859375
2021-04-30,1900.8299560546875
2021-05-03,1904.780029296875
2021-05-04,1887.719970703125
2021-05-05,1889.010009765625
2021-05-06,1908.27001953125
2021-05-07,1919.280029296875
2021-05-10,1895.010009765625
2021-05-11,1880.260009765625
2021-05-12,1841.4200439453125
2021-05-13,1862.47998046875
2021-05-14,1890.3199462890625
2021-05-17,1884.56005859375
2021-05-18,1868.6800537109375
2021-05-19,1864.75
2021-05-20,1886.1600341796875
2021-05-21,1883.1600341796875
2021-05-24,1905.1500244140625
2021-05-25,1901.9599609375
2021-05-26,1904.8299560546875
2021-05-27,1903.6700439453125
2021-05-28,1904.550048828125
2021-06-01,1900.3299560546875
2021-06-02,1903.8499755859375
2021-06-03,1895.8699951171875
2021-06-04,1915.72998046875
2021-06-07,1917.81005859375
2021-06-08,1916.8699951171875
2021-06-09,1915.81005859375
2021-06-10,1926.719970703125
2021-06-11,1929.5899658203125
2021-06-14,1937.2099609375
2021-06-15,1931.1800537109375
2021-06-16,1922.280029296875
2021-06-17,1928.1099853515625
2021-06-18,1906.0799560546875
2021-06-21,1928.239990234375
2021-06-22,1940.8900146484375
2021-06-23,1938.5799560546875
2021-06-24,1949.18994140625
2021-06-25,1952.489990234375
2021-06-28,1961.449951171875
2021-06-29,1962.22998046875
2021-06-30,1964.75
2021-07-01,1974.68994140625
2021-07-02,1993.1199951171875
2021-07-06,1993.5999755859375
2021-07-07,2001.3699951171875
2021-07-08,1986.969970703125
2021-07-09,2005.9200439453125
2021-07-12,2013.2900390625
2021-07-13,2010.5799560546875
2021-07-14,2015.9599609375
2021-07-15,2008.47998046875
2021-07-16,1992.8499755859375
2021-07-19,1962.9100341796875
2021-07-20,1988.6600341796875
2021-07-21,2003.5400390625
2021-07-22,2011.1500244140625
2021-07-23,2031.9200439453125
2021-07-26,2038.489990234375
2021-07-27,2025.4000244140625
2021-07-28,2023.5899658203125
2021-07-29,2027.949951171875
2021-07-30,2011.75
2021-08-02,2008.7099609375
2021-08-03,2024.3299560546875
2021-08-04,2016.0999755859375
2021-08-05,2030.4100341796875
2021-08-06,2031.7099609375
2021-08-09,2030.0400390625
2021-08-10,2031.949951171875
2021-08-11,2033.5999755859375
2021-08-12,2045.4100341796875
2021-08-13,2049.530029296875
2021-08-16,2052.75
2021-08-17,2040.969970703125
2021-08-18,2018.719970703125
2021-08-19,2022.989990234375
2021-08-20,2041.47998046875
2021-08-23,2059.330078125
2021-08-24,2060.989990234375
2021-08-25,2062.679931640625
2021-08-26,2051.389892578125
2021-08-27,2068.2900390625
2021-08-30,2083.0
2021-08-31,2079.169921875
2021-09-01,2079.2900390625
2021-09-02,2081.949951171875
2021-09-03,2082.7900390625
2021-09-07,2081.639892578125
2021-09-08,2077.739990234375
2021-09-09,2065.699951171875
2021-09-10,2048.949951171875
2021-09-13,2054.739990234375
2021-09-14,2042.72998046875
2021-09-15,2059.68994140625
2021-09-16,2056.4599609375
2021-09-17,2037.6199951171875
2021-09-20,2001.2099609375
2021-09-21,2001.0799560546875
2021-09-22,2018.050048828125
2021-09-23,2041.0699462890625
2021-09-24,2045.1700439453125
2021-09-27,2038.1300048828125
2021-09-28,1994.5999755859375
2021-09-29,1998.77001953125
2021-09-30,1977.5
2021-10-01,2001.8699951171875
2021-10-04,1972.81005859375
2021-10-05,1995.300048828125
2021-10-06,2006.1500244140625
2021-10-07,2021.68994140625
2021-10-08,2019.050048828125
2021-10-11,2004.280029296875
2021-10-12,1995.93994140625
2021-10-13,2001.8900146484375
2021-10-14,2034.6500244140625
2021-10-15,2053.52001953125
2021-10-18,2062.22998046875
2021-10-19,2077.260009765625
2021-10-20,2081.06005859375
2021-10-21,2085.919921875
2021-10-22,2078.699951171875
2021-10-25,2090.639892578125
2021-10-26,2098.1201171875
2021-10-27,2095.72998046875
2021-10-28,2115.110107421875
2021-10-29,2121.949951171875
2021-11-01,2123.06005859375
2021-11-02,2131.81005859375
2021-11-03,2148.840087890625
2021-11-04,2162.889892578125
2021-11-05,2170.3701171875
2021-11-08,2169.43994140625
2021-11-09,2157.179931640625
2021-11-10,2140.340087890625
2021-11-11,2139.52001953125
2021-11-12,2155.5400390625
2021-11-15,2154.06005859375
2021-11-16,2162.02001953125
2021-11-17,2158.77001953125
2021-11-18,2172.139892578125
2021-11-19,2171.8798828125
2021-11-22,2163.4599609375
2021-11-23,2166.169921875
2021-11-24,2170.75
2021-11-26,2122.39990234375
2021-11-29,2151.2099609375
2021-11-30,2117.510009765625
2021-12-01,2093.449951171875
2021-12-02,2115.330078125
2021-12-03,2095.320068359375
2021-12-06,2120.010009765625
2021-12-07,2164.10009765625
2021-12-08,2170.3798828125
2021-12-09,2156.760009765625
2021-12-10,2181.6201171875
2021-12-13,2158.7900390625
2021-12-14,2143.06005859375
2021-12-15,2181.47998046875
2021-12-16,2157.1298828125
2021-12-17,2133.169921875
2021-12-20,2111.699951171875
2021-12-21,2145.97998046875
2021-12-22,2169.989990234375
2021-12-23,2183.219970703125
2021-12-27,2212.570068359375
2021-12-28,2209.010009765625
2021-12-29,2210.10009765625
2021-12-30,2203.330078125
2021-12-31,2194.580078125
2022-01-03,2219.43994140625
2022-01-04,2212.679931640625
2022-01-05,2168.489990234375
2022-01-06,2163.22998046875
2022-01-07,2156.760009765625
2022-01-10,2157.2099609375
2022-01-11,2175.43994140625
2022-01-12,2182.25
2022-01-13,2146.0
2022-01-14,2149.929931640625
2022-01-18,2110.1298828125
2022-01-19,2090.1298828125
2022-01-20,2068.110107421875
2022-01-21,2024.949951171875
2022-01-24,2026.1600341796875
2022-01-25,2003.699951171875
2022-01-26,2005.949951171875
2022-01-27,1998.5799560546875
2022-01-28,2053.14990234375
2022-01-31,2092.610107421875
2022-02-01,2107.56005859375
2022-02-02,2127.179931640625
2022-02-03,2065.409912109375
2022-02-04,2081.8701171875
2022-02-07,2070.550048828125
2022-02-08,2086.820068359375
2022-02-09,2112.320068359375
2022-02-10,2073.56005859375
2022-02-11,2031.4200439453125
2022-02-14,2028.550048828125
2022-02-15,2060.610107421875
2022-02-16,2060.929931640625
2022-02-17,2016.030029296875
2022-02-18,1999.43994140625
2022-02-22,1977.050048828125
2022-02-23,1939.510009765625
2022-02-24,1968.780029296875
2022-02-25,2010.1300048828125
2022-02-28,2008.1600341796875
2022-03-01,1979.0899658203125
2022-03-02,2011.5999755859375
2022-03-03,1998.3800048828125
2022-03-04,1979.06005859375
2022-03-07,1921.9200439453125
2022-03-08,1908.5999755859375
2022-03-09,1960.9300537109375
2022-03-10,1951.52001953125
2022-03-11,1925.3499755859375
2022-03-14,1908.7900390625
2022-03-15,1953.780029296875
2022-03-16,1997.9300537109375
2022-03-17,2021.97998046875
2022-03-18,2048.300048828125
2022-03-21,2048.02001953125
2022-03-22,2075.89990234375
2022-03-23,2052.070068359375
2022-03-24,2082.6298828125
2022-03-25,2091.419921875
2022-03-28,2110.199951171875
2022-03-29,2133.219970703125
2022-03-30,2120.719970703125
2022-03-31,2085.75
2022-04-01,2091.389892578125
2022-04-04,2115.090087890625
2022-04-05,2085.590087890625
2022-04-06,2058.360107421875
2022-04-07,2066.330078125
2022-04-08,2056.64990234375
2022-04-11,2017.300048828125
2022-04-12,2010.81005859375
2022-04-13,2033.3199462890625
2022-04-14,2004.5
2022-04-18,2005.4000244140625
2022-04-19,2036.8900146484375
2022-04-20,2026.699951171875
2022-04-21,1998.81005859375
2022-04-22,1945.3900146484375
2022-04-25,1959.8900146484375
2022-04-26,1899.1800537109375
2022-04-27,1902.0699462890625
2022-04-28,1955.25
2022-04-29,1879.5699462890625
2022-05-02,1895.1199951171875
2022-05-03,1900.8900146484375
2022-05-04,1960.1400146484375
2022-05-05,1885.8499755859375
2022-05-06,1878.1400146484375
2022-05-09,1820.6199951171875
2022-05-10,1828.9200439453125
2022-05-11,1793.8199462890625
2022-05-12,1786.6300048828125
2022-05-13,1828.8499755859375
2022-05-16,1821.550048828125
2022-05-17,1857.6700439453125
2022-05-18,1779.699951171875
2022-05-19,1763.22998046875
2022-05-20,1764.1099853515625
2022-05-23,1800.3399658203125
2022-05-24,1782.9200439453125
2022-05-25,1798.3399658203125
2022-05-26,1833.1800537109375
2022-05-27,1878.72998046875
2022-05-31,1871.6099853515625
2022-06-01,1861.1800537109375
2022-06-02,1895.0799560546875
2022-06-03,1860.18994140625
2022-06-06,1865.989990234375
2022-06-07,1882.6600341796875
2022-06-08,1866.5699462890625
2022-06-09,1822.0999755859375
2022-06-10,1765.6600341796875
2022-06-13,1699.239990234375
2022-06-14,1694.93994140625
2022-06-15,1723.8900146484375
2022-06-16,1671.22998046875
2022-06-17,1675.9000244140625
2022-06-21,1720.780029296875
2022-06-22,1718.1700439453125
2022-06-23,1736.1500244140625
2022-06-24,1789.199951171875
2022-06-27,1780.8900146484375
2022-06-28,1740.5999755859375
2022-06-29,1743.43994140625
2022-06-30,1725.6099853515625
2022-07-01,1743.1300048828125
2022-07-05,1751.5799560546875
2022-07-06,1758.9000244140625
2022-07-07,1785.8800048828125
2022-07-08,1786.3499755859375
2022-07-11,1762.8599853515625
2022-07-12,1746.1600341796875
2022-07-13,1738.8900146484375
2022-07-14,1737.5999755859375
2022-07-15,1770.52001953125
2022-07-18,1754.030029296875
2022-07-19,1800.449951171875
2022-07-20,1811.8299560546875
2022-07-21,1831.280029296875
2022-07-22,1810.760009765625
2022-07-25,1810.699951171875
2022-07-26,1784.8599853515625
2022-07-27,1837.510009765625
2022-07-28,1855.18994140625
2022-07-29,1885.5899658203125
2022-08-01,1880.9300537109375
2022-08-02,1866.4000244140625
2022-08-03,1901.93994140625
2022-08-04,1900.3599853515625
2022-08-05,1893.6400146484375
2022-08-08,1888.72998046875
2022-08-09,1882.280029296875
2022-08-10,1923.030029296875
2022-08-11,1918.47998046875
2022-08-12,1952.3499755859375
2022-08-15,1962.449951171875
2022-08-16,1966.75
2022-08-17,1953.3900146484375
2022-08-18,1956.4200439453125
2022-08-19,1930.510009765625
2022-08-22,1887.52001953125
2022-08-23,1882.9300537109375
2022-08-24,1885.9599609375
2022-08-25,1912.18994140625
2022-08-26,1846.1199951171875
2022-08-29,1832.27001953125
2022-08-30,1812.800048828125
2022-08-31,1797.949951171875
2022-09-01,1805.9000244140625
2022-09-02,1783.9599609375
2022-09-06,1775.1500244140625
2022-09-07,1804.0699462890625
2022-09-08,1813.1199951171875
2022-09-09,1842.52001953125
2022-09-12,1864.75
2022-09-13,1778.93994140625
2022-09-14,1788.6500244140625
2022-09-15,1766.800048828125
2022-09-16,1756.06005859375
2022-09-19,1768.8199462890625
2022-09-20,1752.2900390625
2022-09-21,1721.3900146484375
2022-09-22,1711.7900390625
2022-09-23,1681.52001953125
2022-09-26,1667.9200439453125
2022-09-27,1664.6199951171875
2022-09-28,1694.1099853515625
2022-09-29,1655.25
2022-09-30,1625.760009765625
2022-10-03,1663.530029296875
2022-10-04,1713.050048828125
2022-10-05,1710.699951171875
2022-10-06,1694.27001953125
2022-10-07,1642.8900146484375
2022-10-10,1629.8900146484375
2022-10-11,1617.719970703125
2022-10-12,1615.0899658203125
2022-10-13,1659.1700439453125
2022-10-14,1622.25
2022-10-17,1667.550048828125
2022-10-18,1684.8499755859375
2022-10-19,1675.7099609375
2022-10-20,1664.6199951171875
2022-10-21,1704.5999755859375
2022-10-24,1725.1199951171875
2022-10-25,1750.81005859375
2022-10-26,1728.3199462890625
2022-10-27,1710.43994140625
2022-10-28,1756.4599609375
2022-10-31,1740.510009765625
2022-11-01,1728.72998046875
2022-11-02,1685.1800537109375
2022-11-03,1662.4000244140625
2022-11-04,1684.8900146484375
2022-11-07,1702.510009765625
2022-11-08,1710.719970703125
2022-11-09,1672.6400146484375
2022-11-10,1767.8499755859375
2022-11-11,1787.75
2022-11-14,1773.8800048828125
2022-11-15,1788.7099609375
2022-11-16,1774.3900146484375
2022-11-17,1771.8900146484375
2022-11-18,1777.0899658203125
2022-11-21,1766.6199951171875
2022-11-22,1790.2099609375
2022-11-23,1802.8699951171875
2022-11-25,1800.1800537109375
2022-11-28,1773.8499755859375
2022-11-29,1767.3299560546875
2022-11-30,1827.550048828125
2022-12-01,1824.18994140625
2022-12-02,1821.2099609375
2022-12-05,1789.969970703125
2022-12-06,1760.239990234375
2022-12-07,1755.27001953125
2022-12-08,1769.1800537109375
2022-12-09,1758.31005859375
2022-12-12,1783.1700439453125
2022-12-13,1795.6300048828125
2022-12-14,1785.1300048828125
2022-12-15,1738.1199951171875
2022-12-16,1718.9200439453125
2022-12-19,1702.4000244140625
2022-12-20,1703.489990234375
2022-12-21,1728.739990234375
2022-12-22,1701.2099609375
2022-12-23,1710.7099609375
2022-12-27,1700.1400146484375
2022-12-28,1680.5400390625
2022-12-29,1711.280029296875
2022-12-30,1709.1700439453125
2023-01-03,1701.9300537109375
2023-01-04,1710.27001953125
2023-01-05,1690.6500244140625
2023-01-06,1727.6500244140625
2023-01-09,1726.1800537109375
2023-01-10,1737.800048828125
2023-01-11,1761.4000244140625
2023-01-12,1767.6700439453125
2023-01-13,1776.5699462890625
2023-01-17,1773.22998046875
2023-01-18,1744.77001953125
2023-01-19,1732.8699951171875
2023-01-20,1767.27001953125
2023-01-23,1789.449951171875
2023-01-24,1788.3299560546875
2023-01-25,1786.7099609375
2023-01-26,1808.8199462890625
2023-01-27,1817.239990234375
2023-01-30,1790.760009765625
2023-01-31,1816.2900390625
2023-02-01,1836.5799560546875
2023-02-02,1872.4300537109375
2023-02-03,1854.7900390625
2023-02-06,1844.3299560546875
2023-02-07,1870.97998046875
2023-02-08,1847.6099853515625
2023-02-09,1830.9200439453125
2023-02-10,1831.8299560546875
2023-02-13,1854.9200439453125
2023-02-14,1855.949951171875
2023-02-15,1859.739990234375
2023-02-16,1831.510009765625
2023-02-17,1826.06005859375
2023-02-21,1788.6400146484375
2023-02-22,1786.4599609375
2023-02-23,1796.81005859375
2023-02-24,1776.4100341796875
2023-02-27,1783.0999755859375
2023-02-28,1777.5400390625
2023-03-01,1766.25
2023-03-02,1779.3900146484375
2023-03-03,1810.969970703125
2023-03-06,1816.3599853515625
2023-03-07,1789.260009765625
2023-03-08,1790.6600341796875
2023-03-09,1758.6400146484375
2023-03-10,1739.0400390625
2023-03-13,1741.2900390625
2023-03-14,1772.9100341796875
2023-03-15,1769.800048828125
2023-03-16,1803.56005859375
2023-03-17,1788.5999755859375
2023-03-20,1800.5699462890625
2023-03-21,1825.489990234375
2023-03-22,1799.8399658203125
2023-03-23,1809.8499755859375
2023-03-24,1817.9200439453125
2023-03-27,1817.2900390625
2023-03-28,1811.2900390625
2023-03-29,1836.3199462890625
2023-03-30,1847.22998046875
2023-03-31,1874.4200439453125
2023-04-03,1883.010009765625
2023-04-04,1876.9100341796875
2023-04-05,1871.93994140625
2023-04-06,1882.0400390625
2023-04-10,1878.8599853515625
2023-04-11,1873.5799560546875
2023-04-12,1864.6099853515625
2023-04-13,1895.3399658203125
2023-04-14,1894.1199951171875
2023-04-17,1898.1300048828125
2023-04-18,1899.7099609375
2023-04-19,1899.280029296875
2023-04-20,1884.72998046875
2023-04-21,1888.300048828125
2023-04-24,1888.469970703125
2023-04-25,1859.530029296875
2023-04-26,1858.5799560546875
2023-04-27,1899.56005859375
2023-04-28,1913.1199951171875
2023-05-01,1912.22998046875
2023-05-02,1892.3299560546875
2023-05-03,1879.1400146484375
2023-05-04,1866.02001953125
2023-05-05,1902.3800048828125
2023-05-08,1904.8900146484375
2023-05-09,1894.969970703125
2023-05-10,1906.6199951171875
2023-05-11,1906.97998046875
2023-05-12,1901.300048828125
2023-05-15,1905.02001953125
2023-05-16,1899.81005859375
2023-05-17,1922.8699951171875
2023-05-18,1942.52001953125
2023-05-19,1939.8299560546875
2023-05-22,1939.719970703125
2023-05-23,1920.1400146484375
2023-05-24,1910.0999755859375
2023-05-25,1934.699951171875
2023-05-26,1965.0699462890625
2023-05-30,1967.6400146484375
2023-05-31,1956.68994140625
2023-06-01,1977.760009765625
2023-06-02,2001.4599609375
2023-06-05,1997.760009765625
2023-06-06,2000.6400146484375
2023-06-07,1984.8599853515625
2023-06-08,2001.699951171875
2023-06-09,2006.510009765625
2023-06-12,2027.6099853515625
2023-06-13,2039.1099853515625
2023-06-14,2043.8699951171875
2023-06-15,2069.780029296875
2023-06-16,2060.010009765625
2023-06-20,2053.8701171875
2023-06-21,2037.81005859375
2023-06-22,2051.179931640625
2023-06-23,2035.8399658203125
2023-06-26,2017.0999755859375
2023-06-27,2039.9300537109375
2023-06-28,2040.81005859375
2023-06-29,2047.4100341796875
2023-06-30,2074.489990234375
2023-07-03,2077.47998046875
2023-07-05,2076.5
2023-07-06,2060.0400390625
2023-07-07,2050.419921875
2023-07-10,2047.489990234375
2023-07-11,2058.969970703125
2023-07-12,2078.169921875
2023-07-13,2099.449951171875
2023-07-14,2099.469970703125
2023-07-17,2107.4599609375
2023-07-18,2125.389892578125
2023-07-19,2130.18994140625
2023-07-20,2110.330078125
2023-07-21,2108.830078125
2023-07-24,2119.780029296875
2023-07-25,2124.889892578125
2023-07-26,2124.570068359375
2023-07-27,2113.739990234375
2023-07-28,2139.929931640625
2023-07-31,2142.10009765625
2023-08-01,2135.840087890625
2023-08-02,2102.64990234375
2023-08-03,2098.75
2023-08-04,2089.389892578125
2023-08-07,2108.31005859375
2023-08-08,2101.179931640625
2023-08-09,2080.830078125
2023-08-10,2082.739990234375
2023-08-11,2079.449951171875
2023-08-14,2096.139892578125
2023-08-15,2072.860107421875
2023-08-16,2055.800048828125
2023-08-17,2041.06005859375
2023-08-18,2039.3199462890625
2023-08-21,2058.360107421875
2023-08-22,2052.5
2023-08-23,2077.56005859375
2023-08-24,2046.3499755859375
2023-08-25,2060.43994140625
2023-08-28,2072.47998046875
2023-08-29,2106.030029296875
2023-08-30,2114.2900390625
2023-08-31,2113.840087890625
2023-09-01,2114.72998046875
2023-09-05,2112.22998046875
2023-09-06,2092.18994140625
2023-09-07,2085.300048828125
2023-09-08,2090.3798828125
2023-09-11,2109.199951171875
2023-09-12,2094.330078125
2023-09-13,2101.030029296875
2023-09-14,2117.6201171875
2023-09-15,2090.260009765625
2023-09-18,2092.199951171875
2023-09-19,2088.070068359375
2023-09-20,2063.080078125
2023-09-21,2030.47998046875
2023-09-22,2024.8699951171875
2023-09-25,2034.0699462890625
2023-09-26,2003.6700439453125
2023-09-27,2002.52001953125
2023-09-28,2012.8299560546875
2023-09-29,2009.72998046875
2023-10-02,2018.8499755859375
2023-10-03,1989.239990234375
2023-10-04,2006.43994140625
2023-10-05,2004.8299560546875
2023-10-06,2029.5999755859375
2023-10-09,2040.969970703125
2023-10-10,2049.64990234375
2023-10-11,2060.340087890625
2023-10-12,2052.139892578125
2023-10-13,2038.4000244140625
2023-10-16,2059.090087890625
2023-10-17,2054.889892578125
2023-10-18,2028.6700439453125
2023-10-19,2016.0400390625
2023-10-20,1990.77001953125
2023-10-23,1991.06005859375
2023-10-24,2006.9300537109375
2023-10-25,1976.4300537109375
2023-10-26,1943.6199951171875
2023-10-27,1939.18994140625
2023-10-30,1967.81005859375
2023-10-31,1977.3199462890625
2023-11-01,2003.6099853515625
2023-11-02,2039.06005859375
2023-11-03,2054.8798828125
2023-11-06,2063.39990234375
2023-11-07,2073.860107421875
2023-11-08,2077.43994140625
2023-11-09,2059.5
2023-11-10,2093.639892578125
2023-11-13,2091.530029296875
2023-11-14,2125.81005859375
2023-11-15,2129.889892578125
2023-11-16,2135.260009765625
2023-11-17,2135.2900390625
2023-11-20,2152.93994140625
2023-11-21,2146.860107421875
2023-11-22,2155.360107421875
2023-11-24,2154.139892578125
2023-11-27,2150.39990234375
2023-11-28,2156.1201171875
2023-11-29,2150.7099609375
2023-11-30,2154.639892578125
2023-12-01,2159.780029296875
2023-12-04,2144.080078125
2023-12-05,2150.93994140625
2023-12-06,2139.860107421875
2023-12-07,2161.10009765625
2023-12-08,2171.2900390625
2023-12-11,2171.10009765625
2023-12-12,2182.47998046875
2023-12-13,2206.5400390625
2023-12-14,2206.929931640625
2023-12-15,2213.60009765625
2023-12-18,2227.169921875
2023-12-19,2238.830078125
2023-12-20,2208.070068359375
2023-12-21,2229.110107421875
2023-12-22,2230.47998046875
2023-12-26,2238.360107421875
2023-12-27,2241.699951171875
2023-12-28,2242.43994140625
2023-12-29,2236.18994140625
2024-01-02,2221.4599609375
2024-01-03,2209.02001953125
2024-01-04,2199.6201171875
2024-01-05,2204.56005859375
2024-01-08,2238.570068359375
2024-01-09,2238.110107421875
2024-01-10,2253.280029296875
2024-01-11,2251.9599609375
2024-01-12,2254.389892578125
2024-01-16,2247.340087890625
2024-01-17,2236.2099609375
2024-01-18,2257.889892578125
2024-01-19,2290.090087890625
2024-01-22,2291.2900390625
2024-01-23,2301.179931640625
2024-01-24,2308.800048828125
2024-01-25,2317.669921875
2024-01-26,2316.320068359375
2024-01-29,2334.239990234375
2024-01-30,2330.679931640625
2024-01-31,2288.469970703125
2024-02-01,2316.800048828125
2024-02-02,2352.239990234375
2024-02-05,2348.360107421875
2024-02-06,2351.9599609375
2024-02-07,2373.830078125
2024-02-08,2372.800048828125
2024-02-09,2388.820068359375
2024-02-12,2383.739990234375
2024-02-13,2353.070068359375
2024-02-14,2373.580078125
2024-02-15,2381.800048828125
2024-02-16,2369.760009765625
2024-02-20,2353.169921875
2024-02-21,2356.090087890625
2024-02-22,2414.8701171875
2024-02-23,2413.5400390625
2024-02-26,2402.18994140625
2024-02-27,2404.510009765625
2024-02-28,2399.02001953125
2024-02-29,2413.27001953125
2024-03-01,2433.389892578125
2024-03-04,2426.580078125
2024-03-05,2399.639892578125
2024-03-06,2410.139892578125
2024-03-07,2437.7099609375
2024-03-08,2417.530029296875
2024-03-11,2413.739990234375
2024-03-12,2448.239990234375
2024-03-13,2442.429931640625
2024-03-14,2440.659912109375
2024-03-15,2420.030029296875
2024-03-18,2439.52001953125
2024-03-19,2453.110107421875
2024-03-20,2476.60009765625
2024-03-21,2477.85009765625
2024-03-22,2479.419921875
2024-03-25,2471.469970703125
2024-03-26,2462.4599609375
2024-03-27,2478.820068359375
2024-03-28,2478.85009765625
2024-04-01,2477.139892578125
2024-04-02,2460.820068359375
2024-04-03,2462.25
2024-04-04,2430.39990234375
2024-04-05,2459.300048828125
2024-04-08,2456.6201171875
2024-04-09,2458.830078125
2024-04-10,2441.590087890625
2024-04-11,2467.760009765625
2024-04-12,2432.830078125
2024-04-15,2401.320068359375
2024-04-16,2397.840087890625
2024-04-17,2383.5400390625
2024-04-18,2378.639892578125
2024-04-19,2348.679931640625
2024-04-22,2370.610107421875
2024-04-23,2401.639892578125
2024-04-24,2400.6201171875
2024-04-25,2384.3798828125
2024-04-26,2418.31005859375
2024-04-29,2423.929931640625
2024-04-30,2385.919921875
2024-05-01,2378.969970703125
2024-05-02,2403.320068359375
2024-05-03,2438.860107421875
2024-05-06,2465.5400390625
2024-05-07,2466.199951171875
2024-05-08,2467.89990234375
2024-05-09,2476.469970703125
2024-05-10,2479.800048828125
2024-05-13,2482.070068359375
2024-05-14,2495.510009765625
2024-05-15,2525.3798828125
2024-05-16,2520.31005859375
2024-05-17,2522.6298828125
2024-05-20,2525.7099609375
2024-05-21,2535.719970703125
2024-05-22,2527.840087890625
2024-05-23,2515.2099609375
2024-05-24,2533.1298828125
2024-05-28,2543.27001953125
2024-05-29,2529.5400390625
2024-05-30,2505.2900390625
2024-05-31,2521.64990234375
2024-06-03,2532.43994140625
2024-06-04,2540.360107421875
2024-06-05,2573.10009765625
2024-06-06,2575.39990234375
2024-06-07,2574.840087890625
2024-06-10,2579.6201171875
2024-06-11,2591.840087890625
2024-06-12,2614.929931640625
2024-06-13,2626.18994140625
2024-06-14,2632.35009765625
2024-06-17,2651.510009765625
2024-06-18,2655.919921875
2024-06-20,2648.47998046875
2024-06-21,2642.47998046875
2024-06-24,2627.659912109375
2024-06-25,2646.699951171875
2024-06-26,2658.9599609375
2024-06-27,2661.18994140625
2024-06-28,2645.2099609375
2024-07-01,2663.800048828125
2024-07-02,2681.739990234375
2024-07-03,2699.780029296875
2024-07-05,2720.889892578125
2024-07-08,2723.64990234375
2024-07-09,2728.840087890625
2024-07-10,2757.75
2024-07-11,2713.580078125
2024-07-12,2725.780029296875
2024-07-15,2735.989990234375
2024-07-16,2743.89990234375
2024-07-17,2703.110107421875
2024-07-18,2682.1201171875
2024-07-19,2661.4599609375
2024-07-22,2689.97998046875
2024-07-23,2688.56005859375
2024-07-24,2616.72998046875
2024-07-25,2599.0400390625
2024-07-26,2625.68994140625
2024-07-29,2627.169921875
2024-07-30,2607.0400390625
2024-07-31,2656.64990234375
2024-08-01,2618.89990234375
2024-08-02,2571.669921875
2024-08-05,2485.830078125
2024-08-06,2508.52001953125
2024-08-07,2488.909912109375
2024-08-08,2548.39990234375
2024-08-09,2562.47998046875
2024-08-12,2566.840087890625
2024-08-13,2616.9599609375
2024-08-14,2626.699951171875
2024-08-15,2672.429931640625
2024-08-16,2679.60009765625
2024-08-19,2708.31005859375
2024-08-20,2705.22998046875
2024-08-21,2712.6298828125
2024-08-22,2682.330078125
2024-08-23,2714.219970703125
2024-08-26,2704.639892578125
2024-08-27,2709.10009765625
2024-08-28,2689.81005859375
2024-08-29,2684.510009765625
2024-08-30,2712.659912109375
2024-09-03,2650.10009765625
2024-09-04,2645.1201171875
2024-09-05,2642.1298828125
2024-09-06,2589.429931640625
2024-09-09,2620.02001953125
2024-09-10,2635.699951171875
2024-09-11,2672.9599609375
2024-09-12,2695.72998046875
2024-09-13,2705.489990234375
2024-09-16,2703.679931640625
2024-09-17,2703.989990234375
2024-09-18,2696.2900390625
2024-09-19,2746.949951171875
2024-09-20,2742.10009765625
2024-09-23,2748.02001953125
2024-09-24,2757.4599609375
2024-09-25,2756.3701171875
2024-09-26,2763.949951171875
2024-09-27,2757.25
2024-09-30,2772.0
2024-10-01,2741.840087890625
2024-10-02,2742.22998046875
2024-10-03,2740.050048828125
2024-10-04,2768.110107421875
2024-10-07,2740.52001953125
2024-10-08,2772.280029296875
2024-10-09,2791.030029296875
2024-10-10,2786.510009765625
2024-10-11,2796.9599609375
2024-10-14,2818.5
2024-10-15,2798.1298828125
2024-10-16,2809.889892578125
2024-10-17,2811.919921875
2024-10-18,2823.5
2024-10-21,2825.840087890625
2024-10-22,2830.93994140625
2024-10-23,2797.7099609375
2024-10-24,2806.389892578125
2024-10-25,2809.85009765625
2024-10-28,2816.830078125
2024-10-29,2824.739990234375
2024-10-30,2813.929931640625
2024-10-31,2755.989990234375
2024-11-01,2770.97998046875
2024-11-04,2758.580078125
2024-11-05,2790.64990234375
2024-11-06,2864.010009765625
2024-11-07,2890.39990234375
2024-11-08,2897.659912109375
2024-11-11,2896.239990234375
2024-11-12,2892.7099609375
2024-11-13,2893.5
2024-11-14,2879.489990234375
2024-11-15,2835.360107421875
2024-11-18,2846.64990234375
2024-11-19,2863.52001953125
2024-11-20,2859.889892578125
2024-11-21,2864.320068359375
2024-11-22,2869.080078125
2024-11-25,2873.2900390625
2024-11-26,2894.93994140625
2024-11-27,2883.14990234375
2024-11-29,2902.889892578125
2024-12-02,2916.81005859375
2024-12-03,2923.159912109375
2024-12-04,2946.7900390625
2024-12-05,2948.050048828125
2024-12-06,2959.659912109375
2024-12-09,2942.639892578125
2024-12-10,2939.679931640625
2024-12-11,2971.919921875
2024-12-12,2953.85009765625
2024-12-13,2958.639892578125
2024-12-16,2977.7099609375
2024-12-17,2971.60009765625
2024-12-18,2884.510009765625
2024-12-19,2887.580078125
2024-12-20,2915.830078125
2024-12-23,2942.739990234375
2024-12-24,2978.449951171875
2024-12-26,2976.4599609375
2024-12-27,2940.199951171875
2024-12-30,2907.780029296875
2024-12-31,2890.22998046875
